,Symbol,Datetime,Interval,Open,High,Low,Close,Volume,Exchange
0,ADANIPOWER,2025-03-03 15:29:00+05:30,1minute,482.75,483.0,482.1,483.0,20319,NSE_EQ
1,ADANIPOWER,2025-03-03 15:28:00+05:30,1minute,482.2,483.0,481.95,482.5,19979,NSE_EQ
2,ADANIPOWER,2025-03-03 15:27:00+05:30,1minute,482.35,482.35,482.1,482.2,18425,NSE_EQ
3,ADANIPOWER,2025-03-03 15:26:00+05:30,1minute,482.5,482.5,482.0,482.25,20407,NSE_EQ
4,ADANIPOWER,2025-03-03 15:25:00+05:30,1minute,482.25,482.6,482.0,482.55,20766,NSE_EQ
5,ADANIPOWER,2025-03-03 15:24:00+05:30,1minute,482.65,482.8,482.0,482.25,32963,NSE_EQ
6,ADANIPOWER,2025-03-03 15:23:00+05:30,1minute,483.05,483.15,482.5,482.65,13196,NSE_EQ
7,ADANIPOWER,2025-03-03 15:22:00+05:30,1minute,483.5,483.5,482.95,483.05,16850,NSE_EQ
8,ADANIPOWER,2025-03-03 15:21:00+05:30,1minute,483.45,483.95,483.4,483.5,12706,NSE_EQ
9,ADANIPOWER,2025-03-03 15:20:00+05:30,1minute,484.45,484.5,483.3,483.45,59154,NSE_EQ
10,ADANIPOWER,2025-03-03 15:19:00+05:30,1minute,483.7,484.55,483.6,484.2,70030,NSE_EQ
11,ADANIPOWER,2025-03-03 15:18:00+05:30,1minute,483.65,483.9,483.5,483.7,13692,NSE_EQ
12,ADANIPOWER,2025-03-03 15:17:00+05:30,1minute,483.6,483.9,483.45,483.85,22889,NSE_EQ
13,ADANIPOWER,2025-03-03 15:16:00+05:30,1minute,482.95,483.9,482.9,483.6,34939,NSE_EQ
14,ADANIPOWER,2025-03-03 15:15:00+05:30,1minute,482.95,483.0,482.8,482.95,14257,NSE_EQ
15,ADANIPOWER,2025-03-03 15:14:00+05:30,1minute,483.0,483.05,482.8,482.85,8069,NSE_EQ
16,ADANIPOWER,2025-03-03 15:13:00+05:30,1minute,482.95,483.15,482.9,482.9,9467,NSE_EQ
17,ADANIPOWER,2025-03-03 15:12:00+05:30,1minute,483.1,483.2,482.9,483.05,8345,NSE_EQ
18,ADANIPOWER,2025-03-03 15:11:00+05:30,1minute,483.2,483.3,483.0,483.0,6198,NSE_EQ
19,ADANIPOWER,2025-03-03 15:10:00+05:30,1minute,483.2,483.75,482.7,483.0,21400,NSE_EQ
20,ADANIPOWER,2025-03-03 15:09:00+05:30,1minute,483.15,483.8,483.0,483.2,10610,NSE_EQ
21,ADANIPOWER,2025-03-03 15:08:00+05:30,1minute,483.35,483.35,482.55,482.95,9366,NSE_EQ
22,ADANIPOWER,2025-03-03 15:07:00+05:30,1minute,483.75,483.8,483.0,483.35,13008,NSE_EQ
23,ADANIPOWER,2025-03-03 15:06:00+05:30,1minute,483.25,483.9,483.1,483.75,12622,NSE_EQ
24,ADANIPOWER,2025-03-03 15:05:00+05:30,1minute,483.45,483.55,482.95,483.0,9260,NSE_EQ
25,ADANIPOWER,2025-03-03 15:04:00+05:30,1minute,483.75,483.9,483.05,483.45,8141,NSE_EQ
26,ADANIPOWER,2025-03-03 15:03:00+05:30,1minute,483.0,483.85,482.9,483.75,6558,NSE_EQ
27,ADANIPOWER,2025-03-03 15:02:00+05:30,1minute,482.35,483.45,482.1,482.95,14713,NSE_EQ
28,ADANIPOWER,2025-03-03 15:01:00+05:30,1minute,483.05,483.6,482.1,482.35,19530,NSE_EQ
29,ADANIPOWER,2025-03-03 15:00:00+05:30,1minute,483.75,484.15,483.0,483.15,13455,NSE_EQ
30,ADANIPOWER,2025-03-03 14:59:00+05:30,1minute,483.75,484.05,483.7,483.95,10113,NSE_EQ
31,ADANIPOWER,2025-03-03 14:58:00+05:30,1minute,484.7,484.75,483.4,483.6,16089,NSE_EQ
32,ADANIPOWER,2025-03-03 14:57:00+05:30,1minute,484.8,484.8,484.5,484.55,6507,NSE_EQ
33,ADANIPOWER,2025-03-03 14:56:00+05:30,1minute,485.2,485.3,484.8,484.8,10323,NSE_EQ
34,ADANIPOWER,2025-03-03 14:55:00+05:30,1minute,485.3,485.3,485.0,485.15,4009,NSE_EQ
35,ADANIPOWER,2025-03-03 14:54:00+05:30,1minute,485.0,485.3,484.9,485.25,2067,NSE_EQ
36,ADANIPOWER,2025-03-03 14:53:00+05:30,1minute,485.05,485.3,484.8,485.0,6017,NSE_EQ
37,ADANIPOWER,2025-03-03 14:52:00+05:30,1minute,485.0,485.15,484.8,484.85,4614,NSE_EQ
38,ADANIPOWER,2025-03-03 14:51:00+05:30,1minute,484.75,485.25,484.75,485.05,13357,NSE_EQ
39,ADANIPOWER,2025-03-03 14:50:00+05:30,1minute,484.75,485.0,484.65,484.75,3255,NSE_EQ
40,ADANIPOWER,2025-03-03 14:49:00+05:30,1minute,485.2,485.3,484.5,484.55,11990,NSE_EQ
41,ADANIPOWER,2025-03-03 14:48:00+05:30,1minute,485.4,485.5,485.0,485.35,2602,NSE_EQ
42,ADANIPOWER,2025-03-03 14:47:00+05:30,1minute,486.35,486.35,485.4,485.4,11726,NSE_EQ
43,ADANIPOWER,2025-03-03 14:46:00+05:30,1minute,485.9,486.35,485.7,486.25,2680,NSE_EQ
44,ADANIPOWER,2025-03-03 14:45:00+05:30,1minute,486.1,486.5,485.7,485.7,8908,NSE_EQ
45,ADANIPOWER,2025-03-03 14:44:00+05:30,1minute,486.0,486.2,485.75,486.0,5211,NSE_EQ
46,ADANIPOWER,2025-03-03 14:43:00+05:30,1minute,485.7,486.0,485.65,485.95,3462,NSE_EQ
47,ADANIPOWER,2025-03-03 14:42:00+05:30,1minute,486.0,486.35,485.65,485.8,2530,NSE_EQ
48,ADANIPOWER,2025-03-03 14:41:00+05:30,1minute,485.65,486.3,485.25,486.2,13457,NSE_EQ
49,ADANIPOWER,2025-03-03 14:40:00+05:30,1minute,485.2,485.85,484.75,485.55,16506,NSE_EQ
50,ADANIPOWER,2025-03-03 14:39:00+05:30,1minute,485.1,485.1,484.8,485.0,3350,NSE_EQ
51,ADANIPOWER,2025-03-03 14:38:00+05:30,1minute,485.2,485.4,484.8,484.9,4543,NSE_EQ
52,ADANIPOWER,2025-03-03 14:37:00+05:30,1minute,485.0,485.35,484.85,485.3,2682,NSE_EQ
53,ADANIPOWER,2025-03-03 14:36:00+05:30,1minute,485.35,485.45,484.4,485.0,13036,NSE_EQ
54,ADANIPOWER,2025-03-03 14:35:00+05:30,1minute,485.2,486.0,485.2,485.45,6724,NSE_EQ
55,ADANIPOWER,2025-03-03 14:34:00+05:30,1minute,485.15,485.45,485.05,485.1,5857,NSE_EQ
56,ADANIPOWER,2025-03-03 14:33:00+05:30,1minute,485.2,485.6,485.0,485.05,7141,NSE_EQ
57,ADANIPOWER,2025-03-03 14:32:00+05:30,1minute,485.75,485.75,485.0,485.0,9132,NSE_EQ
58,ADANIPOWER,2025-03-03 14:31:00+05:30,1minute,486.0,486.2,485.25,485.8,14650,NSE_EQ
59,ADANIPOWER,2025-03-03 14:30:00+05:30,1minute,486.3,486.4,486.0,486.15,1649,NSE_EQ
60,ADANIPOWER,2025-03-03 14:29:00+05:30,1minute,486.7,486.8,485.65,486.25,14383,NSE_EQ
61,ADANIPOWER,2025-03-03 14:28:00+05:30,1minute,486.2,486.8,486.2,486.7,8192,NSE_EQ
62,ADANIPOWER,2025-03-03 14:27:00+05:30,1minute,486.0,486.5,486.0,486.0,11503,NSE_EQ
63,ADANIPOWER,2025-03-03 14:26:00+05:30,1minute,485.6,486.0,485.55,485.95,764,NSE_EQ
64,ADANIPOWER,2025-03-03 14:25:00+05:30,1minute,485.6,485.95,485.0,485.65,4207,NSE_EQ
65,ADANIPOWER,2025-03-03 14:24:00+05:30,1minute,485.6,486.0,485.45,485.6,7082,NSE_EQ
66,ADANIPOWER,2025-03-03 14:23:00+05:30,1minute,485.6,486.0,485.25,485.65,10112,NSE_EQ
67,ADANIPOWER,2025-03-03 14:22:00+05:30,1minute,485.1,485.6,485.1,485.6,2601,NSE_EQ
68,ADANIPOWER,2025-03-03 14:21:00+05:30,1minute,485.0,485.3,485.0,485.3,2110,NSE_EQ
69,ADANIPOWER,2025-03-03 14:20:00+05:30,1minute,484.7,485.1,484.55,485.1,4515,NSE_EQ
70,ADANIPOWER,2025-03-03 14:19:00+05:30,1minute,484.85,485.0,484.65,484.85,2612,NSE_EQ
71,ADANIPOWER,2025-03-03 14:18:00+05:30,1minute,485.4,485.7,484.55,484.55,5645,NSE_EQ
72,ADANIPOWER,2025-03-03 14:17:00+05:30,1minute,484.4,485.8,484.35,485.65,16054,NSE_EQ
73,ADANIPOWER,2025-03-03 14:16:00+05:30,1minute,485.1,485.1,484.2,484.6,4214,NSE_EQ
74,ADANIPOWER,2025-03-03 14:15:00+05:30,1minute,485.6,485.7,484.7,485.15,5825,NSE_EQ
75,ADANIPOWER,2025-03-03 14:14:00+05:30,1minute,485.5,485.95,485.5,485.65,2793,NSE_EQ
76,ADANIPOWER,2025-03-03 14:13:00+05:30,1minute,485.5,486.0,485.25,485.65,4002,NSE_EQ
77,ADANIPOWER,2025-03-03 14:12:00+05:30,1minute,485.4,485.85,485.15,485.5,6176,NSE_EQ
78,ADANIPOWER,2025-03-03 14:11:00+05:30,1minute,485.05,485.7,484.85,485.4,11061,NSE_EQ
79,ADANIPOWER,2025-03-03 14:10:00+05:30,1minute,485.15,485.4,485.0,485.2,1619,NSE_EQ
80,ADANIPOWER,2025-03-03 14:09:00+05:30,1minute,484.6,485.45,484.6,484.95,3931,NSE_EQ
81,ADANIPOWER,2025-03-03 14:08:00+05:30,1minute,484.2,484.8,484.1,484.8,2785,NSE_EQ
82,ADANIPOWER,2025-03-03 14:07:00+05:30,1minute,485.0,485.05,484.2,484.2,2691,NSE_EQ
83,ADANIPOWER,2025-03-03 14:06:00+05:30,1minute,485.35,485.7,485.0,485.25,7659,NSE_EQ
84,ADANIPOWER,2025-03-03 14:05:00+05:30,1minute,485.1,485.5,485.05,485.35,7998,NSE_EQ
85,ADANIPOWER,2025-03-03 14:04:00+05:30,1minute,484.8,485.3,484.8,485.0,7693,NSE_EQ
86,ADANIPOWER,2025-03-03 14:03:00+05:30,1minute,484.4,484.9,484.2,484.8,4458,NSE_EQ
87,ADANIPOWER,2025-03-03 14:02:00+05:30,1minute,483.4,484.45,483.35,484.3,5291,NSE_EQ
88,ADANIPOWER,2025-03-03 14:01:00+05:30,1minute,483.45,483.7,482.8,483.4,2912,NSE_EQ
89,ADANIPOWER,2025-03-03 14:00:00+05:30,1minute,482.75,483.7,482.65,483.3,9848,NSE_EQ
90,ADANIPOWER,2025-03-03 13:59:00+05:30,1minute,483.25,483.25,482.55,482.75,4967,NSE_EQ
91,ADANIPOWER,2025-03-03 13:58:00+05:30,1minute,483.5,483.5,483.2,483.25,4305,NSE_EQ
92,ADANIPOWER,2025-03-03 13:57:00+05:30,1minute,483.3,483.7,483.1,483.5,7152,NSE_EQ
93,ADANIPOWER,2025-03-03 13:56:00+05:30,1minute,483.8,483.9,483.0,483.4,10138,NSE_EQ
94,ADANIPOWER,2025-03-03 13:55:00+05:30,1minute,484.45,484.7,483.55,483.95,10518,NSE_EQ
95,ADANIPOWER,2025-03-03 13:54:00+05:30,1minute,485.5,485.5,484.2,484.8,5309,NSE_EQ
96,ADANIPOWER,2025-03-03 13:53:00+05:30,1minute,485.3,485.7,485.25,485.5,2212,NSE_EQ
97,ADANIPOWER,2025-03-03 13:52:00+05:30,1minute,485.3,485.7,485.25,485.55,3586,NSE_EQ
98,ADANIPOWER,2025-03-03 13:51:00+05:30,1minute,486.15,486.2,485.25,485.45,4963,NSE_EQ
99,ADANIPOWER,2025-03-03 13:50:00+05:30,1minute,485.5,486.15,485.45,486.15,5607,NSE_EQ
100,ADANIPOWER,2025-03-03 13:49:00+05:30,1minute,485.45,486.2,485.15,485.5,9653,NSE_EQ
101,ADANIPOWER,2025-03-03 13:48:00+05:30,1minute,485.05,485.35,485.0,485.35,3279,NSE_EQ
102,ADANIPOWER,2025-03-03 13:47:00+05:30,1minute,485.05,485.45,484.65,485.15,2387,NSE_EQ
103,ADANIPOWER,2025-03-03 13:46:00+05:30,1minute,485.2,485.9,485.0,485.0,3277,NSE_EQ
104,ADANIPOWER,2025-03-03 13:45:00+05:30,1minute,485.0,485.65,485.0,485.2,10765,NSE_EQ
105,ADANIPOWER,2025-03-03 13:44:00+05:30,1minute,484.85,485.0,484.25,485.0,3458,NSE_EQ
106,ADANIPOWER,2025-03-03 13:43:00+05:30,1minute,484.95,485.0,484.35,484.55,3734,NSE_EQ
107,ADANIPOWER,2025-03-03 13:42:00+05:30,1minute,484.5,485.35,484.3,485.0,7062,NSE_EQ
108,ADANIPOWER,2025-03-03 13:41:00+05:30,1minute,484.25,484.5,484.1,484.3,2157,NSE_EQ
109,ADANIPOWER,2025-03-03 13:40:00+05:30,1minute,484.3,484.4,483.8,484.4,4149,NSE_EQ
110,ADANIPOWER,2025-03-03 13:39:00+05:30,1minute,484.7,484.8,484.3,484.3,4200,NSE_EQ
111,ADANIPOWER,2025-03-03 13:38:00+05:30,1minute,484.05,484.75,484.05,484.7,2144,NSE_EQ
112,ADANIPOWER,2025-03-03 13:37:00+05:30,1minute,484.0,484.35,483.6,484.25,2877,NSE_EQ
113,ADANIPOWER,2025-03-03 13:36:00+05:30,1minute,484.0,484.55,483.8,484.0,2800,NSE_EQ
114,ADANIPOWER,2025-03-03 13:35:00+05:30,1minute,483.55,484.7,483.5,483.7,5867,NSE_EQ
115,ADANIPOWER,2025-03-03 13:34:00+05:30,1minute,483.7,483.75,483.0,483.75,5063,NSE_EQ
116,ADANIPOWER,2025-03-03 13:33:00+05:30,1minute,482.85,483.85,482.65,483.85,9804,NSE_EQ
117,ADANIPOWER,2025-03-03 13:32:00+05:30,1minute,484.2,484.2,482.0,482.85,28562,NSE_EQ
118,ADANIPOWER,2025-03-03 13:31:00+05:30,1minute,484.25,484.6,484.0,484.4,4246,NSE_EQ
119,ADANIPOWER,2025-03-03 13:30:00+05:30,1minute,484.7,485.0,484.2,484.3,19108,NSE_EQ
120,ADANIPOWER,2025-03-03 13:29:00+05:30,1minute,484.8,485.0,483.75,484.6,11604,NSE_EQ
121,ADANIPOWER,2025-03-03 13:28:00+05:30,1minute,485.0,485.1,484.35,484.75,5520,NSE_EQ
122,ADANIPOWER,2025-03-03 13:27:00+05:30,1minute,485.0,485.6,484.6,484.8,18098,NSE_EQ
123,ADANIPOWER,2025-03-03 13:26:00+05:30,1minute,485.4,485.4,484.8,485.1,5605,NSE_EQ
124,ADANIPOWER,2025-03-03 13:25:00+05:30,1minute,485.4,485.4,485.0,485.2,1886,NSE_EQ
125,ADANIPOWER,2025-03-03 13:24:00+05:30,1minute,485.7,485.95,484.9,485.15,8679,NSE_EQ
126,ADANIPOWER,2025-03-03 13:23:00+05:30,1minute,485.5,486.0,485.4,485.85,3912,NSE_EQ
127,ADANIPOWER,2025-03-03 13:22:00+05:30,1minute,485.3,485.95,485.1,485.3,2919,NSE_EQ
128,ADANIPOWER,2025-03-03 13:21:00+05:30,1minute,485.8,485.8,484.35,485.25,11747,NSE_EQ
129,ADANIPOWER,2025-03-03 13:20:00+05:30,1minute,486.7,487.05,485.35,485.85,10992,NSE_EQ
130,ADANIPOWER,2025-03-03 13:19:00+05:30,1minute,487.35,487.4,486.7,486.95,8218,NSE_EQ
131,ADANIPOWER,2025-03-03 13:18:00+05:30,1minute,487.2,488.0,486.7,487.35,34657,NSE_EQ
132,ADANIPOWER,2025-03-03 13:17:00+05:30,1minute,486.4,487.2,486.3,486.95,19054,NSE_EQ
133,ADANIPOWER,2025-03-03 13:16:00+05:30,1minute,486.25,486.65,485.85,486.3,4458,NSE_EQ
134,ADANIPOWER,2025-03-03 13:15:00+05:30,1minute,486.45,486.8,486.0,486.15,11332,NSE_EQ
135,ADANIPOWER,2025-03-03 13:14:00+05:30,1minute,485.5,486.55,485.5,486.25,5427,NSE_EQ
136,ADANIPOWER,2025-03-03 13:13:00+05:30,1minute,486.2,486.5,485.45,485.5,4833,NSE_EQ
137,ADANIPOWER,2025-03-03 13:12:00+05:30,1minute,485.7,486.45,485.7,486.15,9158,NSE_EQ
138,ADANIPOWER,2025-03-03 13:11:00+05:30,1minute,485.55,485.7,485.35,485.55,2241,NSE_EQ
139,ADANIPOWER,2025-03-03 13:10:00+05:30,1minute,486.0,486.1,485.0,485.55,4737,NSE_EQ
140,ADANIPOWER,2025-03-03 13:09:00+05:30,1minute,484.55,486.0,484.45,486.0,9476,NSE_EQ
141,ADANIPOWER,2025-03-03 13:08:00+05:30,1minute,484.8,485.2,484.3,484.55,9716,NSE_EQ
142,ADANIPOWER,2025-03-03 13:07:00+05:30,1minute,484.75,484.95,484.3,484.8,1129,NSE_EQ
143,ADANIPOWER,2025-03-03 13:06:00+05:30,1minute,485.1,485.35,484.25,484.6,8931,NSE_EQ
144,ADANIPOWER,2025-03-03 13:05:00+05:30,1minute,484.95,485.3,484.75,485.1,4904,NSE_EQ
145,ADANIPOWER,2025-03-03 13:04:00+05:30,1minute,484.5,485.0,484.1,484.8,2542,NSE_EQ
146,ADANIPOWER,2025-03-03 13:03:00+05:30,1minute,484.35,484.75,483.9,484.6,8200,NSE_EQ
147,ADANIPOWER,2025-03-03 13:02:00+05:30,1minute,484.9,485.2,484.05,484.1,7243,NSE_EQ
148,ADANIPOWER,2025-03-03 13:01:00+05:30,1minute,484.85,485.65,484.65,484.85,10695,NSE_EQ
149,ADANIPOWER,2025-03-03 13:00:00+05:30,1minute,484.5,485.35,484.5,485.0,20244,NSE_EQ
150,ADANIPOWER,2025-03-03 12:59:00+05:30,1minute,484.1,484.5,483.95,484.5,5416,NSE_EQ
151,ADANIPOWER,2025-03-03 12:58:00+05:30,1minute,484.05,484.5,483.75,484.25,10041,NSE_EQ
152,ADANIPOWER,2025-03-03 12:57:00+05:30,1minute,483.75,484.3,483.55,484.1,5263,NSE_EQ
153,ADANIPOWER,2025-03-03 12:56:00+05:30,1minute,484.0,484.0,483.5,483.55,9124,NSE_EQ
154,ADANIPOWER,2025-03-03 12:55:00+05:30,1minute,484.2,484.5,484.0,484.05,20168,NSE_EQ
155,ADANIPOWER,2025-03-03 12:54:00+05:30,1minute,484.2,484.5,483.8,484.0,8121,NSE_EQ
156,ADANIPOWER,2025-03-03 12:53:00+05:30,1minute,484.8,485.05,483.85,484.2,35164,NSE_EQ
157,ADANIPOWER,2025-03-03 12:52:00+05:30,1minute,486.35,486.75,484.5,484.75,17727,NSE_EQ
158,ADANIPOWER,2025-03-03 12:51:00+05:30,1minute,487.15,487.35,486.3,486.3,7405,NSE_EQ
159,ADANIPOWER,2025-03-03 12:50:00+05:30,1minute,486.85,487.4,486.8,487.0,10415,NSE_EQ
160,ADANIPOWER,2025-03-03 12:49:00+05:30,1minute,486.25,486.85,486.1,486.85,4684,NSE_EQ
161,ADANIPOWER,2025-03-03 12:48:00+05:30,1minute,486.9,487.1,485.85,486.2,24241,NSE_EQ
162,ADANIPOWER,2025-03-03 12:47:00+05:30,1minute,486.55,487.0,486.55,486.9,14800,NSE_EQ
163,ADANIPOWER,2025-03-03 12:46:00+05:30,1minute,486.6,487.4,486.35,486.8,33100,NSE_EQ
164,ADANIPOWER,2025-03-03 12:45:00+05:30,1minute,485.0,486.75,485.0,486.4,23189,NSE_EQ
165,ADANIPOWER,2025-03-03 12:44:00+05:30,1minute,484.7,485.15,484.65,484.85,7423,NSE_EQ
166,ADANIPOWER,2025-03-03 12:43:00+05:30,1minute,484.35,485.1,484.25,484.9,21667,NSE_EQ
167,ADANIPOWER,2025-03-03 12:42:00+05:30,1minute,484.2,484.8,484.0,484.25,6707,NSE_EQ
168,ADANIPOWER,2025-03-03 12:41:00+05:30,1minute,483.4,484.2,483.4,483.85,4698,NSE_EQ
169,ADANIPOWER,2025-03-03 12:40:00+05:30,1minute,483.15,483.7,483.0,483.35,4590,NSE_EQ
170,ADANIPOWER,2025-03-03 12:39:00+05:30,1minute,483.5,483.65,483.0,483.15,3453,NSE_EQ
171,ADANIPOWER,2025-03-03 12:38:00+05:30,1minute,483.1,483.8,483.0,483.65,7464,NSE_EQ
172,ADANIPOWER,2025-03-03 12:37:00+05:30,1minute,484.0,484.25,483.15,483.35,6469,NSE_EQ
173,ADANIPOWER,2025-03-03 12:36:00+05:30,1minute,484.85,485.0,483.7,484.2,19260,NSE_EQ
174,ADANIPOWER,2025-03-03 12:35:00+05:30,1minute,484.8,485.55,484.4,484.85,42341,NSE_EQ
175,ADANIPOWER,2025-03-03 12:34:00+05:30,1minute,484.35,484.6,484.0,484.6,12744,NSE_EQ
176,ADANIPOWER,2025-03-03 12:33:00+05:30,1minute,483.85,484.85,483.55,484.45,25302,NSE_EQ
177,ADANIPOWER,2025-03-03 12:32:00+05:30,1minute,483.35,484.0,483.2,484.0,10724,NSE_EQ
178,ADANIPOWER,2025-03-03 12:31:00+05:30,1minute,483.05,483.8,483.05,483.35,7546,NSE_EQ
179,ADANIPOWER,2025-03-03 12:30:00+05:30,1minute,482.35,483.4,482.2,483.25,9618,NSE_EQ
180,ADANIPOWER,2025-03-03 12:29:00+05:30,1minute,482.35,482.75,481.65,482.35,8333,NSE_EQ
181,ADANIPOWER,2025-03-03 12:28:00+05:30,1minute,482.2,482.95,482.2,482.4,4599,NSE_EQ
182,ADANIPOWER,2025-03-03 12:27:00+05:30,1minute,482.25,483.05,482.2,482.2,5316,NSE_EQ
183,ADANIPOWER,2025-03-03 12:26:00+05:30,1minute,483.0,483.0,481.95,482.4,8068,NSE_EQ
184,ADANIPOWER,2025-03-03 12:25:00+05:30,1minute,483.8,484.0,482.7,482.8,11011,NSE_EQ
185,ADANIPOWER,2025-03-03 12:24:00+05:30,1minute,483.25,484.35,483.25,483.95,24041,NSE_EQ
186,ADANIPOWER,2025-03-03 12:23:00+05:30,1minute,483.3,483.6,483.15,483.25,10509,NSE_EQ
187,ADANIPOWER,2025-03-03 12:22:00+05:30,1minute,482.35,483.45,482.0,483.3,27662,NSE_EQ
188,ADANIPOWER,2025-03-03 12:21:00+05:30,1minute,480.4,482.8,480.4,482.45,40694,NSE_EQ
189,ADANIPOWER,2025-03-03 12:20:00+05:30,1minute,480.5,481.0,480.2,480.4,4012,NSE_EQ
190,ADANIPOWER,2025-03-03 12:19:00+05:30,1minute,479.9,481.0,479.7,480.5,14485,NSE_EQ
191,ADANIPOWER,2025-03-03 12:18:00+05:30,1minute,479.0,480.3,479.0,480.0,12136,NSE_EQ
192,ADANIPOWER,2025-03-03 12:17:00+05:30,1minute,478.85,479.4,478.6,478.9,3344,NSE_EQ
193,ADANIPOWER,2025-03-03 12:16:00+05:30,1minute,478.5,479.05,478.5,478.85,1537,NSE_EQ
194,ADANIPOWER,2025-03-03 12:15:00+05:30,1minute,479.7,479.75,478.7,478.75,5475,NSE_EQ
195,ADANIPOWER,2025-03-03 12:14:00+05:30,1minute,479.0,479.75,478.75,479.6,6247,NSE_EQ
196,ADANIPOWER,2025-03-03 12:13:00+05:30,1minute,478.8,479.1,478.4,478.85,2955,NSE_EQ
197,ADANIPOWER,2025-03-03 12:12:00+05:30,1minute,478.2,478.8,478.05,478.55,3377,NSE_EQ
198,ADANIPOWER,2025-03-03 12:11:00+05:30,1minute,478.5,478.95,478.1,478.2,7534,NSE_EQ
199,ADANIPOWER,2025-03-03 12:10:00+05:30,1minute,479.4,479.4,478.5,478.6,2915,NSE_EQ
200,ADANIPOWER,2025-03-03 12:09:00+05:30,1minute,479.45,479.8,479.05,479.4,5461,NSE_EQ
201,ADANIPOWER,2025-03-03 12:08:00+05:30,1minute,479.45,479.5,479.0,479.5,2971,NSE_EQ
202,ADANIPOWER,2025-03-03 12:07:00+05:30,1minute,478.75,479.6,478.45,479.5,9630,NSE_EQ
203,ADANIPOWER,2025-03-03 12:06:00+05:30,1minute,478.25,478.85,478.25,478.75,4698,NSE_EQ
204,ADANIPOWER,2025-03-03 12:05:00+05:30,1minute,478.95,478.95,478.0,478.05,9796,NSE_EQ
205,ADANIPOWER,2025-03-03 12:04:00+05:30,1minute,479.05,479.25,478.9,478.9,11678,NSE_EQ
206,ADANIPOWER,2025-03-03 12:03:00+05:30,1minute,479.0,479.45,479.0,479.25,2515,NSE_EQ
207,ADANIPOWER,2025-03-03 12:02:00+05:30,1minute,479.4,479.65,479.0,479.0,1582,NSE_EQ
208,ADANIPOWER,2025-03-03 12:01:00+05:30,1minute,479.05,479.65,479.05,479.6,3307,NSE_EQ
209,ADANIPOWER,2025-03-03 12:00:00+05:30,1minute,479.05,479.55,479.0,479.25,5177,NSE_EQ
210,ADANIPOWER,2025-03-03 11:59:00+05:30,1minute,478.7,479.25,478.7,479.2,1415,NSE_EQ
211,ADANIPOWER,2025-03-03 11:58:00+05:30,1minute,478.9,479.0,478.65,478.7,3288,NSE_EQ
212,ADANIPOWER,2025-03-03 11:57:00+05:30,1minute,479.0,479.25,478.65,478.65,1701,NSE_EQ
213,ADANIPOWER,2025-03-03 11:56:00+05:30,1minute,479.0,479.5,479.0,479.2,5742,NSE_EQ
214,ADANIPOWER,2025-03-03 11:55:00+05:30,1minute,479.75,479.75,478.6,478.8,11512,NSE_EQ
215,ADANIPOWER,2025-03-03 11:54:00+05:30,1minute,480.05,480.05,479.25,479.55,5334,NSE_EQ
216,ADANIPOWER,2025-03-03 11:53:00+05:30,1minute,480.15,480.5,480.05,480.05,2390,NSE_EQ
217,ADANIPOWER,2025-03-03 11:52:00+05:30,1minute,480.4,480.45,480.15,480.15,2577,NSE_EQ
218,ADANIPOWER,2025-03-03 11:51:00+05:30,1minute,480.25,480.5,480.05,480.4,1873,NSE_EQ
219,ADANIPOWER,2025-03-03 11:50:00+05:30,1minute,480.25,480.5,480.0,480.1,4913,NSE_EQ
220,ADANIPOWER,2025-03-03 11:49:00+05:30,1minute,480.25,480.45,479.9,480.15,4578,NSE_EQ
221,ADANIPOWER,2025-03-03 11:48:00+05:30,1minute,480.75,480.85,480.05,480.05,3661,NSE_EQ
222,ADANIPOWER,2025-03-03 11:47:00+05:30,1minute,480.9,481.15,480.0,480.9,10323,NSE_EQ
223,ADANIPOWER,2025-03-03 11:46:00+05:30,1minute,480.35,481.3,479.75,480.9,16508,NSE_EQ
224,ADANIPOWER,2025-03-03 11:45:00+05:30,1minute,479.95,480.45,479.75,480.25,6281,NSE_EQ
225,ADANIPOWER,2025-03-03 11:44:00+05:30,1minute,479.55,479.95,479.3,479.95,5336,NSE_EQ
226,ADANIPOWER,2025-03-03 11:43:00+05:30,1minute,479.7,479.8,479.45,479.55,2229,NSE_EQ
227,ADANIPOWER,2025-03-03 11:42:00+05:30,1minute,479.3,480.45,479.0,479.65,8388,NSE_EQ
228,ADANIPOWER,2025-03-03 11:41:00+05:30,1minute,479.2,479.35,478.85,479.3,3878,NSE_EQ
229,ADANIPOWER,2025-03-03 11:40:00+05:30,1minute,479.1,479.35,478.8,479.1,871,NSE_EQ
230,ADANIPOWER,2025-03-03 11:39:00+05:30,1minute,478.1,479.25,478.1,479.25,6478,NSE_EQ
231,ADANIPOWER,2025-03-03 11:38:00+05:30,1minute,478.4,479.0,478.1,478.1,5290,NSE_EQ
232,ADANIPOWER,2025-03-03 11:37:00+05:30,1minute,478.75,479.05,478.25,478.5,3194,NSE_EQ
233,ADANIPOWER,2025-03-03 11:36:00+05:30,1minute,479.4,479.6,478.75,479.05,6055,NSE_EQ
234,ADANIPOWER,2025-03-03 11:35:00+05:30,1minute,479.85,479.85,479.2,479.2,5387,NSE_EQ
235,ADANIPOWER,2025-03-03 11:34:00+05:30,1minute,479.75,480.15,479.35,479.9,8267,NSE_EQ
236,ADANIPOWER,2025-03-03 11:33:00+05:30,1minute,479.8,480.15,479.3,480.05,6227,NSE_EQ
237,ADANIPOWER,2025-03-03 11:32:00+05:30,1minute,479.2,479.9,479.1,479.8,1999,NSE_EQ
238,ADANIPOWER,2025-03-03 11:31:00+05:30,1minute,479.3,479.5,479.1,479.1,2064,NSE_EQ
239,ADANIPOWER,2025-03-03 11:30:00+05:30,1minute,479.3,479.6,479.05,479.3,2209,NSE_EQ
240,ADANIPOWER,2025-03-03 11:29:00+05:30,1minute,479.15,479.8,479.0,479.4,2794,NSE_EQ
241,ADANIPOWER,2025-03-03 11:28:00+05:30,1minute,479.7,479.75,479.15,479.15,2654,NSE_EQ
242,ADANIPOWER,2025-03-03 11:27:00+05:30,1minute,479.5,479.9,479.25,479.75,1949,NSE_EQ
243,ADANIPOWER,2025-03-03 11:26:00+05:30,1minute,479.7,479.85,479.15,479.25,4980,NSE_EQ
244,ADANIPOWER,2025-03-03 11:25:00+05:30,1minute,479.9,480.3,479.4,479.65,6935,NSE_EQ
245,ADANIPOWER,2025-03-03 11:24:00+05:30,1minute,479.6,480.7,479.3,479.9,9148,NSE_EQ
246,ADANIPOWER,2025-03-03 11:23:00+05:30,1minute,479.15,480.3,479.1,479.6,11100,NSE_EQ
247,ADANIPOWER,2025-03-03 11:22:00+05:30,1minute,478.8,479.35,478.8,479.1,2725,NSE_EQ
248,ADANIPOWER,2025-03-03 11:21:00+05:30,1minute,478.8,479.0,478.75,479.0,2513,NSE_EQ
249,ADANIPOWER,2025-03-03 11:20:00+05:30,1minute,478.85,479.0,478.6,478.8,4313,NSE_EQ
250,ADANIPOWER,2025-03-03 11:19:00+05:30,1minute,479.35,479.35,478.2,478.55,11788,NSE_EQ
251,ADANIPOWER,2025-03-03 11:18:00+05:30,1minute,479.55,479.85,479.2,479.35,5088,NSE_EQ
252,ADANIPOWER,2025-03-03 11:17:00+05:30,1minute,479.6,479.95,479.05,479.55,12045,NSE_EQ
253,ADANIPOWER,2025-03-03 11:16:00+05:30,1minute,479.5,479.95,478.8,479.6,8351,NSE_EQ
254,ADANIPOWER,2025-03-03 11:15:00+05:30,1minute,479.6,479.95,479.25,479.6,5955,NSE_EQ
255,ADANIPOWER,2025-03-03 11:14:00+05:30,1minute,479.8,480.3,479.5,479.8,10287,NSE_EQ
256,ADANIPOWER,2025-03-03 11:13:00+05:30,1minute,479.25,479.9,478.65,479.8,17534,NSE_EQ
257,ADANIPOWER,2025-03-03 11:12:00+05:30,1minute,478.6,479.5,478.5,479.45,4831,NSE_EQ
258,ADANIPOWER,2025-03-03 11:11:00+05:30,1minute,479.35,479.6,478.25,478.7,14463,NSE_EQ
259,ADANIPOWER,2025-03-03 11:10:00+05:30,1minute,479.9,480.0,479.3,479.35,3748,NSE_EQ
260,ADANIPOWER,2025-03-03 11:09:00+05:30,1minute,479.05,479.95,479.0,479.95,31037,NSE_EQ
261,ADANIPOWER,2025-03-03 11:08:00+05:30,1minute,480.5,480.8,479.1,479.3,28601,NSE_EQ
262,ADANIPOWER,2025-03-03 11:07:00+05:30,1minute,481.0,481.5,480.3,480.3,10115,NSE_EQ
263,ADANIPOWER,2025-03-03 11:06:00+05:30,1minute,481.15,481.8,481.0,481.2,7005,NSE_EQ
264,ADANIPOWER,2025-03-03 11:05:00+05:30,1minute,481.5,481.5,480.5,481.15,5195,NSE_EQ
265,ADANIPOWER,2025-03-03 11:04:00+05:30,1minute,481.35,481.65,480.7,481.65,11502,NSE_EQ
266,ADANIPOWER,2025-03-03 11:03:00+05:30,1minute,482.4,482.4,481.15,481.2,7232,NSE_EQ
267,ADANIPOWER,2025-03-03 11:02:00+05:30,1minute,482.4,482.9,482.0,482.5,11984,NSE_EQ
268,ADANIPOWER,2025-03-03 11:01:00+05:30,1minute,482.15,482.45,481.65,482.45,5182,NSE_EQ
269,ADANIPOWER,2025-03-03 11:00:00+05:30,1minute,482.35,482.9,482.05,482.15,7776,NSE_EQ
270,ADANIPOWER,2025-03-03 10:59:00+05:30,1minute,481.4,482.2,481.1,482.1,11584,NSE_EQ
271,ADANIPOWER,2025-03-03 10:58:00+05:30,1minute,481.5,481.75,480.95,481.25,7814,NSE_EQ
272,ADANIPOWER,2025-03-03 10:57:00+05:30,1minute,479.95,481.8,479.75,481.55,8534,NSE_EQ
273,ADANIPOWER,2025-03-03 10:56:00+05:30,1minute,480.0,480.6,479.75,479.8,4301,NSE_EQ
274,ADANIPOWER,2025-03-03 10:55:00+05:30,1minute,481.6,481.6,479.5,479.95,9209,NSE_EQ
275,ADANIPOWER,2025-03-03 10:54:00+05:30,1minute,480.6,481.75,480.4,481.65,12940,NSE_EQ
276,ADANIPOWER,2025-03-03 10:53:00+05:30,1minute,481.35,481.55,480.5,480.6,9616,NSE_EQ
277,ADANIPOWER,2025-03-03 10:52:00+05:30,1minute,482.3,482.3,481.2,481.2,9008,NSE_EQ
278,ADANIPOWER,2025-03-03 10:51:00+05:30,1minute,482.0,482.7,481.5,482.35,16846,NSE_EQ
279,ADANIPOWER,2025-03-03 10:50:00+05:30,1minute,482.8,482.85,481.2,482.15,14927,NSE_EQ
280,ADANIPOWER,2025-03-03 10:49:00+05:30,1minute,483.35,483.5,482.55,482.8,11046,NSE_EQ
281,ADANIPOWER,2025-03-03 10:48:00+05:30,1minute,482.15,483.75,481.75,483.75,25926,NSE_EQ
282,ADANIPOWER,2025-03-03 10:47:00+05:30,1minute,482.4,482.45,481.2,482.1,14857,NSE_EQ
283,ADANIPOWER,2025-03-03 10:46:00+05:30,1minute,481.6,482.65,481.15,482.3,16585,NSE_EQ
284,ADANIPOWER,2025-03-03 10:45:00+05:30,1minute,480.95,481.85,480.35,481.5,18067,NSE_EQ
285,ADANIPOWER,2025-03-03 10:44:00+05:30,1minute,480.5,482.05,480.35,481.05,35667,NSE_EQ
286,ADANIPOWER,2025-03-03 10:43:00+05:30,1minute,479.75,480.95,479.5,480.3,10897,NSE_EQ
287,ADANIPOWER,2025-03-03 10:42:00+05:30,1minute,480.45,480.45,479.1,479.55,9444,NSE_EQ
288,ADANIPOWER,2025-03-03 10:41:00+05:30,1minute,481.0,481.35,480.3,480.45,6945,NSE_EQ
289,ADANIPOWER,2025-03-03 10:40:00+05:30,1minute,482.2,482.25,480.3,481.0,11047,NSE_EQ
290,ADANIPOWER,2025-03-03 10:39:00+05:30,1minute,481.55,482.85,481.5,482.25,31063,NSE_EQ
291,ADANIPOWER,2025-03-03 10:38:00+05:30,1minute,481.25,481.85,480.7,481.8,14888,NSE_EQ
292,ADANIPOWER,2025-03-03 10:37:00+05:30,1minute,481.4,481.4,480.55,481.1,9609,NSE_EQ
293,ADANIPOWER,2025-03-03 10:36:00+05:30,1minute,479.35,481.3,479.25,481.3,21104,NSE_EQ
294,ADANIPOWER,2025-03-03 10:35:00+05:30,1minute,479.65,480.65,479.0,479.3,17281,NSE_EQ
295,ADANIPOWER,2025-03-03 10:34:00+05:30,1minute,478.25,479.95,478.25,479.45,15818,NSE_EQ
296,ADANIPOWER,2025-03-03 10:33:00+05:30,1minute,478.65,478.85,477.85,478.1,26450,NSE_EQ
297,ADANIPOWER,2025-03-03 10:32:00+05:30,1minute,478.75,479.2,478.0,478.75,15750,NSE_EQ
298,ADANIPOWER,2025-03-03 10:31:00+05:30,1minute,479.5,479.75,478.6,478.85,14466,NSE_EQ
299,ADANIPOWER,2025-03-03 10:30:00+05:30,1minute,481.75,481.9,478.95,479.25,25473,NSE_EQ
300,ADANIPOWER,2025-03-03 10:29:00+05:30,1minute,480.4,481.9,479.8,481.9,33160,NSE_EQ
301,ADANIPOWER,2025-03-03 10:28:00+05:30,1minute,478.9,481.0,478.9,480.4,43498,NSE_EQ
302,ADANIPOWER,2025-03-03 10:27:00+05:30,1minute,478.1,478.9,477.5,478.9,27663,NSE_EQ
303,ADANIPOWER,2025-03-03 10:26:00+05:30,1minute,476.75,478.45,476.15,478.0,9416,NSE_EQ
304,ADANIPOWER,2025-03-03 10:25:00+05:30,1minute,476.5,477.75,476.2,476.8,23491,NSE_EQ
305,ADANIPOWER,2025-03-03 10:24:00+05:30,1minute,475.5,477.5,475.3,476.35,19019,NSE_EQ
306,ADANIPOWER,2025-03-03 10:23:00+05:30,1minute,475.05,475.4,474.4,475.3,20561,NSE_EQ
307,ADANIPOWER,2025-03-03 10:22:00+05:30,1minute,476.25,476.25,475.0,475.0,13470,NSE_EQ
308,ADANIPOWER,2025-03-03 10:21:00+05:30,1minute,474.85,476.5,474.4,476.25,17339,NSE_EQ
309,ADANIPOWER,2025-03-03 10:20:00+05:30,1minute,475.65,476.5,474.05,474.9,26496,NSE_EQ
310,ADANIPOWER,2025-03-03 10:19:00+05:30,1minute,475.45,476.35,474.55,475.9,28273,NSE_EQ
311,ADANIPOWER,2025-03-03 10:18:00+05:30,1minute,475.65,476.25,475.1,475.45,16338,NSE_EQ
312,ADANIPOWER,2025-03-03 10:17:00+05:30,1minute,476.6,476.6,475.05,475.7,29628,NSE_EQ
313,ADANIPOWER,2025-03-03 10:16:00+05:30,1minute,475.5,476.8,475.2,476.6,12640,NSE_EQ
314,ADANIPOWER,2025-03-03 10:15:00+05:30,1minute,474.75,476.8,474.5,475.7,32348,NSE_EQ
315,ADANIPOWER,2025-03-03 10:14:00+05:30,1minute,476.0,476.25,474.5,474.75,43127,NSE_EQ
316,ADANIPOWER,2025-03-03 10:13:00+05:30,1minute,476.65,477.0,475.3,476.0,30766,NSE_EQ
317,ADANIPOWER,2025-03-03 10:12:00+05:30,1minute,478.0,478.4,476.55,476.55,24485,NSE_EQ
318,ADANIPOWER,2025-03-03 10:11:00+05:30,1minute,477.3,478.45,477.1,477.95,16577,NSE_EQ
319,ADANIPOWER,2025-03-03 10:10:00+05:30,1minute,476.8,477.85,476.65,477.05,16257,NSE_EQ
320,ADANIPOWER,2025-03-03 10:09:00+05:30,1minute,477.55,478.3,476.55,476.85,35659,NSE_EQ
321,ADANIPOWER,2025-03-03 10:08:00+05:30,1minute,479.4,479.4,477.15,477.7,29887,NSE_EQ
322,ADANIPOWER,2025-03-03 10:07:00+05:30,1minute,480.5,480.6,479.5,479.5,22372,NSE_EQ
323,ADANIPOWER,2025-03-03 10:06:00+05:30,1minute,481.0,482.35,480.6,480.6,22056,NSE_EQ
324,ADANIPOWER,2025-03-03 10:05:00+05:30,1minute,482.0,482.05,481.0,481.1,14783,NSE_EQ
325,ADANIPOWER,2025-03-03 10:04:00+05:30,1minute,480.55,482.4,480.35,482.1,26565,NSE_EQ
326,ADANIPOWER,2025-03-03 10:03:00+05:30,1minute,480.15,480.7,479.75,480.55,13521,NSE_EQ
327,ADANIPOWER,2025-03-03 10:02:00+05:30,1minute,480.7,480.75,479.5,479.95,14229,NSE_EQ
328,ADANIPOWER,2025-03-03 10:01:00+05:30,1minute,480.95,481.0,480.2,480.5,22896,NSE_EQ
329,ADANIPOWER,2025-03-03 10:00:00+05:30,1minute,481.75,481.9,480.3,480.95,23446,NSE_EQ
330,ADANIPOWER,2025-03-03 09:59:00+05:30,1minute,480.15,482.45,480.0,481.75,45453,NSE_EQ
331,ADANIPOWER,2025-03-03 09:58:00+05:30,1minute,478.85,480.7,478.85,480.0,11964,NSE_EQ
332,ADANIPOWER,2025-03-03 09:57:00+05:30,1minute,478.85,479.0,478.3,479.0,8189,NSE_EQ
333,ADANIPOWER,2025-03-03 09:56:00+05:30,1minute,478.7,479.3,478.0,478.75,12763,NSE_EQ
334,ADANIPOWER,2025-03-03 09:55:00+05:30,1minute,477.75,479.25,477.2,478.7,20905,NSE_EQ
335,ADANIPOWER,2025-03-03 09:54:00+05:30,1minute,480.65,480.8,477.6,477.6,19318,NSE_EQ
336,ADANIPOWER,2025-03-03 09:53:00+05:30,1minute,479.6,480.9,479.6,480.4,10812,NSE_EQ
337,ADANIPOWER,2025-03-03 09:52:00+05:30,1minute,480.65,480.7,479.2,479.35,14947,NSE_EQ
338,ADANIPOWER,2025-03-03 09:51:00+05:30,1minute,478.85,481.5,478.8,480.55,27597,NSE_EQ
339,ADANIPOWER,2025-03-03 09:50:00+05:30,1minute,479.95,480.1,478.5,478.95,17972,NSE_EQ
340,ADANIPOWER,2025-03-03 09:49:00+05:30,1minute,480.8,481.0,479.5,480.1,11315,NSE_EQ
341,ADANIPOWER,2025-03-03 09:48:00+05:30,1minute,479.65,481.45,479.2,481.0,22060,NSE_EQ
342,ADANIPOWER,2025-03-03 09:47:00+05:30,1minute,479.95,480.0,479.0,479.3,22224,NSE_EQ
343,ADANIPOWER,2025-03-03 09:46:00+05:30,1minute,477.25,480.35,477.0,479.95,27579,NSE_EQ
344,ADANIPOWER,2025-03-03 09:45:00+05:30,1minute,477.65,478.3,476.7,477.0,34036,NSE_EQ
345,ADANIPOWER,2025-03-03 09:44:00+05:30,1minute,478.1,478.1,477.2,477.8,14282,NSE_EQ
346,ADANIPOWER,2025-03-03 09:43:00+05:30,1minute,477.75,478.3,477.0,478.15,24378,NSE_EQ
347,ADANIPOWER,2025-03-03 09:42:00+05:30,1minute,479.35,479.35,477.4,477.85,55088,NSE_EQ
348,ADANIPOWER,2025-03-03 09:41:00+05:30,1minute,480.5,481.35,479.1,479.35,28448,NSE_EQ
349,ADANIPOWER,2025-03-03 09:40:00+05:30,1minute,481.8,482.0,480.0,480.5,22541,NSE_EQ
350,ADANIPOWER,2025-03-03 09:39:00+05:30,1minute,482.3,482.3,481.1,481.65,18487,NSE_EQ
351,ADANIPOWER,2025-03-03 09:38:00+05:30,1minute,482.65,482.85,481.3,482.6,27919,NSE_EQ
352,ADANIPOWER,2025-03-03 09:37:00+05:30,1minute,483.4,484.55,482.1,482.85,41614,NSE_EQ
353,ADANIPOWER,2025-03-03 09:36:00+05:30,1minute,480.35,483.4,480.05,483.4,61127,NSE_EQ
354,ADANIPOWER,2025-03-03 09:35:00+05:30,1minute,479.0,481.0,478.75,480.5,26193,NSE_EQ
355,ADANIPOWER,2025-03-03 09:34:00+05:30,1minute,479.65,480.4,478.65,479.0,31716,NSE_EQ
356,ADANIPOWER,2025-03-03 09:33:00+05:30,1minute,480.25,480.85,479.5,479.95,36388,NSE_EQ
357,ADANIPOWER,2025-03-03 09:32:00+05:30,1minute,480.3,480.9,478.35,480.25,100194,NSE_EQ
358,ADANIPOWER,2025-03-03 09:31:00+05:30,1minute,481.35,482.75,480.05,480.05,57221,NSE_EQ
359,ADANIPOWER,2025-03-03 09:30:00+05:30,1minute,482.6,483.45,480.9,481.0,59895,NSE_EQ
360,ADANIPOWER,2025-03-03 09:29:00+05:30,1minute,484.4,484.6,482.2,482.6,53595,NSE_EQ
361,ADANIPOWER,2025-03-03 09:28:00+05:30,1minute,485.85,487.05,484.35,484.6,58420,NSE_EQ
362,ADANIPOWER,2025-03-03 09:27:00+05:30,1minute,485.0,486.25,484.3,485.85,58599,NSE_EQ
363,ADANIPOWER,2025-03-03 09:26:00+05:30,1minute,488.85,488.9,485.0,485.0,101943,NSE_EQ
364,ADANIPOWER,2025-03-03 09:25:00+05:30,1minute,490.75,490.95,488.05,488.6,67517,NSE_EQ
365,ADANIPOWER,2025-03-03 09:24:00+05:30,1minute,490.45,492.65,490.45,490.9,37955,NSE_EQ
366,ADANIPOWER,2025-03-03 09:23:00+05:30,1minute,492.7,492.7,490.05,490.2,62459,NSE_EQ
367,ADANIPOWER,2025-03-03 09:22:00+05:30,1minute,491.4,493.85,490.65,492.7,82249,NSE_EQ
368,ADANIPOWER,2025-03-03 09:21:00+05:30,1minute,489.7,491.75,489.1,491.6,44619,NSE_EQ
369,ADANIPOWER,2025-03-03 09:20:00+05:30,1minute,488.75,490.75,488.5,489.4,67346,NSE_EQ
370,ADANIPOWER,2025-03-03 09:19:00+05:30,1minute,492.4,492.8,488.7,488.7,83230,NSE_EQ
371,ADANIPOWER,2025-03-03 09:18:00+05:30,1minute,492.5,493.3,491.25,492.45,67686,NSE_EQ
372,ADANIPOWER,2025-03-03 09:17:00+05:30,1minute,495.7,496.2,492.3,492.5,105260,NSE_EQ
373,ADANIPOWER,2025-03-03 09:16:00+05:30,1minute,491.55,497.0,491.55,495.65,154373,NSE_EQ
374,ADANIPOWER,2025-03-03 09:15:00+05:30,1minute,487.6,494.0,487.6,491.95,175443,NSE_EQ
375,TATACHEM,2025-03-03 15:29:00+05:30,1minute,789.0,790.1,785.55,789.9,6821,NSE_EQ
376,TATACHEM,2025-03-03 15:28:00+05:30,1minute,789.45,790.0,788.8,789.0,1827,NSE_EQ
377,TATACHEM,2025-03-03 15:27:00+05:30,1minute,788.5,789.6,787.75,788.9,1963,NSE_EQ
378,TATACHEM,2025-03-03 15:26:00+05:30,1minute,787.6,788.5,787.35,788.35,3101,NSE_EQ
379,TATACHEM,2025-03-03 15:25:00+05:30,1minute,788.05,788.4,787.05,787.25,2528,NSE_EQ
380,TATACHEM,2025-03-03 15:24:00+05:30,1minute,787.7,788.55,787.3,788.05,2093,NSE_EQ
381,TATACHEM,2025-03-03 15:23:00+05:30,1minute,787.35,787.75,787.2,787.65,881,NSE_EQ
382,TATACHEM,2025-03-03 15:22:00+05:30,1minute,787.35,787.35,787.1,787.35,1070,NSE_EQ
383,TATACHEM,2025-03-03 15:21:00+05:30,1minute,787.35,787.4,787.0,787.35,948,NSE_EQ
384,TATACHEM,2025-03-03 15:20:00+05:30,1minute,787.4,787.85,786.75,787.05,4260,NSE_EQ
385,TATACHEM,2025-03-03 15:19:00+05:30,1minute,787.4,787.7,787.1,787.4,726,NSE_EQ
386,TATACHEM,2025-03-03 15:18:00+05:30,1minute,787.0,787.75,786.8,787.6,1383,NSE_EQ
387,TATACHEM,2025-03-03 15:17:00+05:30,1minute,786.65,786.9,786.55,786.9,434,NSE_EQ
388,TATACHEM,2025-03-03 15:16:00+05:30,1minute,786.85,787.0,786.5,786.65,182,NSE_EQ
389,TATACHEM,2025-03-03 15:15:00+05:30,1minute,787.25,787.9,786.4,786.8,3040,NSE_EQ
390,TATACHEM,2025-03-03 15:14:00+05:30,1minute,787.85,787.95,786.9,787.25,501,NSE_EQ
391,TATACHEM,2025-03-03 15:13:00+05:30,1minute,787.2,787.9,787.2,787.9,771,NSE_EQ
392,TATACHEM,2025-03-03 15:12:00+05:30,1minute,787.0,787.45,786.5,787.35,1312,NSE_EQ
393,TATACHEM,2025-03-03 15:11:00+05:30,1minute,787.15,787.35,786.45,787.0,710,NSE_EQ
394,TATACHEM,2025-03-03 15:10:00+05:30,1minute,786.75,787.4,786.1,786.7,2597,NSE_EQ
395,TATACHEM,2025-03-03 15:09:00+05:30,1minute,787.7,787.85,786.5,786.75,1058,NSE_EQ
396,TATACHEM,2025-03-03 15:08:00+05:30,1minute,787.5,787.8,786.3,787.55,3107,NSE_EQ
397,TATACHEM,2025-03-03 15:07:00+05:30,1minute,787.6,787.7,786.8,787.5,1158,NSE_EQ
398,TATACHEM,2025-03-03 15:06:00+05:30,1minute,787.45,787.6,787.05,787.6,61,NSE_EQ
399,TATACHEM,2025-03-03 15:05:00+05:30,1minute,787.65,787.65,786.9,787.45,2832,NSE_EQ
400,TATACHEM,2025-03-03 15:04:00+05:30,1minute,786.95,788.0,786.85,787.65,2863,NSE_EQ
401,TATACHEM,2025-03-03 15:03:00+05:30,1minute,786.95,787.3,786.3,786.55,650,NSE_EQ
402,TATACHEM,2025-03-03 15:02:00+05:30,1minute,786.4,787.85,786.4,787.2,2008,NSE_EQ
403,TATACHEM,2025-03-03 15:01:00+05:30,1minute,787.4,788.0,785.6,786.35,4253,NSE_EQ
404,TATACHEM,2025-03-03 15:00:00+05:30,1minute,787.95,788.7,787.15,787.4,1361,NSE_EQ
405,TATACHEM,2025-03-03 14:59:00+05:30,1minute,787.95,788.0,787.65,787.8,48,NSE_EQ
406,TATACHEM,2025-03-03 14:58:00+05:30,1minute,787.7,787.7,786.35,787.7,2695,NSE_EQ
407,TATACHEM,2025-03-03 14:57:00+05:30,1minute,788.45,788.45,787.55,787.7,721,NSE_EQ
408,TATACHEM,2025-03-03 14:56:00+05:30,1minute,789.0,789.0,788.4,788.5,323,NSE_EQ
409,TATACHEM,2025-03-03 14:55:00+05:30,1minute,788.5,789.0,788.15,788.5,688,NSE_EQ
410,TATACHEM,2025-03-03 14:54:00+05:30,1minute,788.55,789.0,788.0,788.5,597,NSE_EQ
411,TATACHEM,2025-03-03 14:53:00+05:30,1minute,789.1,789.1,788.5,788.9,241,NSE_EQ
412,TATACHEM,2025-03-03 14:52:00+05:30,1minute,789.05,789.2,788.3,789.1,835,NSE_EQ
413,TATACHEM,2025-03-03 14:51:00+05:30,1minute,788.2,789.5,788.15,789.5,859,NSE_EQ
414,TATACHEM,2025-03-03 14:50:00+05:30,1minute,788.0,788.95,788.0,788.8,899,NSE_EQ
415,TATACHEM,2025-03-03 14:49:00+05:30,1minute,788.95,789.15,787.85,788.0,651,NSE_EQ
416,TATACHEM,2025-03-03 14:48:00+05:30,1minute,789.1,789.4,788.7,788.95,858,NSE_EQ
417,TATACHEM,2025-03-03 14:47:00+05:30,1minute,789.4,789.55,788.5,789.0,2104,NSE_EQ
418,TATACHEM,2025-03-03 14:46:00+05:30,1minute,789.7,789.8,789.0,789.3,159,NSE_EQ
419,TATACHEM,2025-03-03 14:45:00+05:30,1minute,789.65,789.8,789.0,789.65,2244,NSE_EQ
420,TATACHEM,2025-03-03 14:44:00+05:30,1minute,788.85,789.8,788.85,789.45,1589,NSE_EQ
421,TATACHEM,2025-03-03 14:43:00+05:30,1minute,789.2,789.2,788.6,788.85,442,NSE_EQ
422,TATACHEM,2025-03-03 14:42:00+05:30,1minute,789.0,789.8,788.75,788.85,2872,NSE_EQ
423,TATACHEM,2025-03-03 14:41:00+05:30,1minute,788.8,789.15,788.35,788.95,940,NSE_EQ
424,TATACHEM,2025-03-03 14:40:00+05:30,1minute,788.8,789.6,788.1,788.65,3654,NSE_EQ
425,TATACHEM,2025-03-03 14:39:00+05:30,1minute,788.6,788.8,788.05,788.75,1103,NSE_EQ
426,TATACHEM,2025-03-03 14:38:00+05:30,1minute,788.85,789.0,788.0,788.6,1905,NSE_EQ
427,TATACHEM,2025-03-03 14:37:00+05:30,1minute,787.95,789.45,787.5,788.45,6629,NSE_EQ
428,TATACHEM,2025-03-03 14:36:00+05:30,1minute,788.35,789.0,787.35,787.95,2516,NSE_EQ
429,TATACHEM,2025-03-03 14:35:00+05:30,1minute,787.8,789.5,787.4,788.5,4601,NSE_EQ
430,TATACHEM,2025-03-03 14:34:00+05:30,1minute,786.2,787.75,786.1,787.75,2253,NSE_EQ
431,TATACHEM,2025-03-03 14:33:00+05:30,1minute,785.45,786.75,785.3,786.2,728,NSE_EQ
432,TATACHEM,2025-03-03 14:32:00+05:30,1minute,785.7,786.0,785.1,785.7,403,NSE_EQ
433,TATACHEM,2025-03-03 14:31:00+05:30,1minute,786.0,786.3,785.3,785.9,703,NSE_EQ
434,TATACHEM,2025-03-03 14:30:00+05:30,1minute,786.45,786.5,785.65,786.0,954,NSE_EQ
435,TATACHEM,2025-03-03 14:29:00+05:30,1minute,785.8,786.7,785.65,786.5,1299,NSE_EQ
436,TATACHEM,2025-03-03 14:28:00+05:30,1minute,785.65,786.0,785.05,785.8,1539,NSE_EQ
437,TATACHEM,2025-03-03 14:27:00+05:30,1minute,785.25,786.0,784.9,785.6,1109,NSE_EQ
438,TATACHEM,2025-03-03 14:26:00+05:30,1minute,784.85,785.25,784.5,785.25,771,NSE_EQ
439,TATACHEM,2025-03-03 14:25:00+05:30,1minute,784.05,785.0,784.05,784.85,75,NSE_EQ
440,TATACHEM,2025-03-03 14:24:00+05:30,1minute,784.55,785.0,784.35,784.5,146,NSE_EQ
441,TATACHEM,2025-03-03 14:23:00+05:30,1minute,783.5,785.0,783.1,784.85,3972,NSE_EQ
442,TATACHEM,2025-03-03 14:22:00+05:30,1minute,783.45,783.75,782.8,783.5,384,NSE_EQ
443,TATACHEM,2025-03-03 14:21:00+05:30,1minute,783.25,784.0,783.1,783.55,1351,NSE_EQ
444,TATACHEM,2025-03-03 14:20:00+05:30,1minute,782.75,783.95,782.75,783.85,113,NSE_EQ
445,TATACHEM,2025-03-03 14:19:00+05:30,1minute,782.2,782.85,781.9,782.75,270,NSE_EQ
446,TATACHEM,2025-03-03 14:18:00+05:30,1minute,781.9,782.55,781.75,782.25,590,NSE_EQ
447,TATACHEM,2025-03-03 14:17:00+05:30,1minute,782.6,782.6,781.75,782.35,108,NSE_EQ
448,TATACHEM,2025-03-03 14:16:00+05:30,1minute,782.65,783.0,782.4,782.55,257,NSE_EQ
449,TATACHEM,2025-03-03 14:15:00+05:30,1minute,783.6,783.6,782.1,782.65,104,NSE_EQ
450,TATACHEM,2025-03-03 14:14:00+05:30,1minute,783.65,783.95,783.0,783.6,845,NSE_EQ
451,TATACHEM,2025-03-03 14:13:00+05:30,1minute,783.95,784.2,783.3,783.65,878,NSE_EQ
452,TATACHEM,2025-03-03 14:12:00+05:30,1minute,783.55,784.0,783.0,784.0,1208,NSE_EQ
453,TATACHEM,2025-03-03 14:11:00+05:30,1minute,781.95,783.75,781.95,783.25,2213,NSE_EQ
454,TATACHEM,2025-03-03 14:10:00+05:30,1minute,781.8,781.95,781.5,781.95,269,NSE_EQ
455,TATACHEM,2025-03-03 14:09:00+05:30,1minute,781.7,782.15,781.55,781.95,145,NSE_EQ
456,TATACHEM,2025-03-03 14:08:00+05:30,1minute,780.6,781.55,780.5,781.45,761,NSE_EQ
457,TATACHEM,2025-03-03 14:07:00+05:30,1minute,781.65,781.95,781.0,781.2,210,NSE_EQ
458,TATACHEM,2025-03-03 14:06:00+05:30,1minute,783.0,783.0,781.7,781.75,241,NSE_EQ
459,TATACHEM,2025-03-03 14:05:00+05:30,1minute,783.0,783.5,782.9,783.0,849,NSE_EQ
460,TATACHEM,2025-03-03 14:04:00+05:30,1minute,782.1,783.05,782.0,783.0,1296,NSE_EQ
461,TATACHEM,2025-03-03 14:03:00+05:30,1minute,781.7,782.3,781.0,782.05,6787,NSE_EQ
462,TATACHEM,2025-03-03 14:02:00+05:30,1minute,780.4,782.0,780.0,782.0,2367,NSE_EQ
463,TATACHEM,2025-03-03 14:01:00+05:30,1minute,780.35,780.6,779.85,780.4,1180,NSE_EQ
464,TATACHEM,2025-03-03 14:00:00+05:30,1minute,780.35,780.6,780.0,780.55,539,NSE_EQ
465,TATACHEM,2025-03-03 13:59:00+05:30,1minute,780.05,780.6,779.4,780.35,3863,NSE_EQ
466,TATACHEM,2025-03-03 13:58:00+05:30,1minute,780.7,780.85,780.0,780.55,463,NSE_EQ
467,TATACHEM,2025-03-03 13:57:00+05:30,1minute,780.65,780.95,780.2,780.7,258,NSE_EQ
468,TATACHEM,2025-03-03 13:56:00+05:30,1minute,780.4,781.0,779.8,780.9,823,NSE_EQ
469,TATACHEM,2025-03-03 13:55:00+05:30,1minute,781.35,781.35,780.0,780.5,1431,NSE_EQ
470,TATACHEM,2025-03-03 13:54:00+05:30,1minute,781.4,781.7,781.0,781.35,270,NSE_EQ
471,TATACHEM,2025-03-03 13:53:00+05:30,1minute,781.5,781.65,781.25,781.55,652,NSE_EQ
472,TATACHEM,2025-03-03 13:52:00+05:30,1minute,781.75,781.95,781.4,781.6,18,NSE_EQ
473,TATACHEM,2025-03-03 13:51:00+05:30,1minute,782.2,783.25,781.75,781.75,2732,NSE_EQ
474,TATACHEM,2025-03-03 13:50:00+05:30,1minute,781.7,782.2,781.7,781.95,1399,NSE_EQ
475,TATACHEM,2025-03-03 13:49:00+05:30,1minute,780.9,781.95,780.9,781.7,2612,NSE_EQ
476,TATACHEM,2025-03-03 13:48:00+05:30,1minute,781.05,781.2,780.5,780.85,984,NSE_EQ
477,TATACHEM,2025-03-03 13:47:00+05:30,1minute,781.05,781.2,780.6,781.05,843,NSE_EQ
478,TATACHEM,2025-03-03 13:46:00+05:30,1minute,781.55,781.9,781.05,781.05,99,NSE_EQ
479,TATACHEM,2025-03-03 13:45:00+05:30,1minute,781.2,781.2,780.0,780.7,515,NSE_EQ
480,TATACHEM,2025-03-03 13:44:00+05:30,1minute,780.0,781.15,779.35,781.15,4081,NSE_EQ
481,TATACHEM,2025-03-03 13:43:00+05:30,1minute,781.7,781.7,780.0,780.0,462,NSE_EQ
482,TATACHEM,2025-03-03 13:42:00+05:30,1minute,780.75,781.9,780.3,781.8,1155,NSE_EQ
483,TATACHEM,2025-03-03 13:41:00+05:30,1minute,780.7,780.75,779.55,780.75,1146,NSE_EQ
484,TATACHEM,2025-03-03 13:40:00+05:30,1minute,780.65,780.7,779.15,780.65,7656,NSE_EQ
485,TATACHEM,2025-03-03 13:39:00+05:30,1minute,780.65,780.7,779.55,780.7,2789,NSE_EQ
486,TATACHEM,2025-03-03 13:38:00+05:30,1minute,779.2,780.7,779.2,780.65,1170,NSE_EQ
487,TATACHEM,2025-03-03 13:37:00+05:30,1minute,779.3,779.85,779.0,779.7,553,NSE_EQ
488,TATACHEM,2025-03-03 13:36:00+05:30,1minute,779.75,779.9,778.9,779.4,977,NSE_EQ
489,TATACHEM,2025-03-03 13:35:00+05:30,1minute,778.95,779.75,778.95,779.75,349,NSE_EQ
490,TATACHEM,2025-03-03 13:34:00+05:30,1minute,777.7,778.95,777.4,778.95,3209,NSE_EQ
491,TATACHEM,2025-03-03 13:33:00+05:30,1minute,776.3,777.85,776.3,777.85,706,NSE_EQ
492,TATACHEM,2025-03-03 13:32:00+05:30,1minute,778.45,778.45,776.4,776.8,3630,NSE_EQ
493,TATACHEM,2025-03-03 13:31:00+05:30,1minute,779.55,779.55,778.35,778.85,697,NSE_EQ
494,TATACHEM,2025-03-03 13:30:00+05:30,1minute,779.45,779.85,779.05,779.55,105,NSE_EQ
495,TATACHEM,2025-03-03 13:29:00+05:30,1minute,779.15,779.7,778.55,779.3,1164,NSE_EQ
496,TATACHEM,2025-03-03 13:28:00+05:30,1minute,779.65,779.95,779.0,779.4,87,NSE_EQ
497,TATACHEM,2025-03-03 13:27:00+05:30,1minute,780.3,780.4,779.6,779.95,66,NSE_EQ
498,TATACHEM,2025-03-03 13:26:00+05:30,1minute,781.0,781.1,780.0,780.35,271,NSE_EQ
499,TATACHEM,2025-03-03 13:25:00+05:30,1minute,780.8,781.25,779.85,781.0,3342,NSE_EQ
500,TATACHEM,2025-03-03 13:24:00+05:30,1minute,782.8,782.85,780.1,780.1,792,NSE_EQ
501,TATACHEM,2025-03-03 13:23:00+05:30,1minute,782.25,783.0,782.25,783.0,385,NSE_EQ
502,TATACHEM,2025-03-03 13:22:00+05:30,1minute,781.9,782.65,781.9,782.25,278,NSE_EQ
503,TATACHEM,2025-03-03 13:21:00+05:30,1minute,783.15,783.15,781.65,782.55,3355,NSE_EQ
504,TATACHEM,2025-03-03 13:20:00+05:30,1minute,784.1,784.15,782.65,783.1,828,NSE_EQ
505,TATACHEM,2025-03-03 13:19:00+05:30,1minute,784.2,784.35,783.75,784.3,147,NSE_EQ
506,TATACHEM,2025-03-03 13:18:00+05:30,1minute,784.8,784.8,783.8,784.0,1278,NSE_EQ
507,TATACHEM,2025-03-03 13:17:00+05:30,1minute,784.15,784.8,783.65,784.8,415,NSE_EQ
508,TATACHEM,2025-03-03 13:16:00+05:30,1minute,784.15,784.8,783.55,784.15,419,NSE_EQ
509,TATACHEM,2025-03-03 13:15:00+05:30,1minute,784.0,784.95,783.5,783.55,3047,NSE_EQ
510,TATACHEM,2025-03-03 13:14:00+05:30,1minute,782.85,784.0,782.55,784.0,1210,NSE_EQ
511,TATACHEM,2025-03-03 13:13:00+05:30,1minute,782.6,783.95,782.25,782.8,3046,NSE_EQ
512,TATACHEM,2025-03-03 13:12:00+05:30,1minute,781.25,783.0,781.05,782.6,2404,NSE_EQ
513,TATACHEM,2025-03-03 13:11:00+05:30,1minute,780.95,781.5,780.55,781.25,1496,NSE_EQ
514,TATACHEM,2025-03-03 13:10:00+05:30,1minute,781.8,782.0,780.65,780.95,839,NSE_EQ
515,TATACHEM,2025-03-03 13:09:00+05:30,1minute,780.85,781.8,780.0,781.8,1979,NSE_EQ
516,TATACHEM,2025-03-03 13:08:00+05:30,1minute,779.85,780.85,779.85,780.75,2323,NSE_EQ
517,TATACHEM,2025-03-03 13:07:00+05:30,1minute,779.05,779.9,778.8,779.9,674,NSE_EQ
518,TATACHEM,2025-03-03 13:06:00+05:30,1minute,778.15,779.75,778.0,778.8,2960,NSE_EQ
519,TATACHEM,2025-03-03 13:05:00+05:30,1minute,777.05,778.8,776.6,778.2,1594,NSE_EQ
520,TATACHEM,2025-03-03 13:04:00+05:30,1minute,776.5,777.1,775.5,777.1,4016,NSE_EQ
521,TATACHEM,2025-03-03 13:03:00+05:30,1minute,775.8,776.7,775.35,776.45,2357,NSE_EQ
522,TATACHEM,2025-03-03 13:02:00+05:30,1minute,775.4,776.6,774.6,776.55,11730,NSE_EQ
523,TATACHEM,2025-03-03 13:01:00+05:30,1minute,774.3,775.75,773.95,774.85,5126,NSE_EQ
524,TATACHEM,2025-03-03 13:00:00+05:30,1minute,774.05,774.3,773.5,774.3,1198,NSE_EQ
525,TATACHEM,2025-03-03 12:59:00+05:30,1minute,774.1,774.75,773.15,774.3,2409,NSE_EQ
526,TATACHEM,2025-03-03 12:58:00+05:30,1minute,774.75,775.0,773.8,774.2,1749,NSE_EQ
527,TATACHEM,2025-03-03 12:57:00+05:30,1minute,774.35,774.55,773.75,774.55,369,NSE_EQ
528,TATACHEM,2025-03-03 12:56:00+05:30,1minute,774.05,774.85,773.5,774.35,1960,NSE_EQ
529,TATACHEM,2025-03-03 12:55:00+05:30,1minute,773.4,774.45,773.3,774.1,1481,NSE_EQ
530,TATACHEM,2025-03-03 12:54:00+05:30,1minute,773.4,774.65,773.15,773.5,1071,NSE_EQ
531,TATACHEM,2025-03-03 12:53:00+05:30,1minute,773.35,774.5,773.0,773.5,3083,NSE_EQ
532,TATACHEM,2025-03-03 12:52:00+05:30,1minute,775.05,775.5,773.05,773.6,2976,NSE_EQ
533,TATACHEM,2025-03-03 12:51:00+05:30,1minute,775.6,775.9,774.6,775.5,2353,NSE_EQ
534,TATACHEM,2025-03-03 12:50:00+05:30,1minute,775.75,776.5,775.4,775.4,5197,NSE_EQ
535,TATACHEM,2025-03-03 12:49:00+05:30,1minute,774.7,775.8,774.5,775.75,4125,NSE_EQ
536,TATACHEM,2025-03-03 12:48:00+05:30,1minute,774.5,774.75,773.95,774.3,464,NSE_EQ
537,TATACHEM,2025-03-03 12:47:00+05:30,1minute,774.0,774.65,773.45,774.5,3238,NSE_EQ
538,TATACHEM,2025-03-03 12:46:00+05:30,1minute,774.0,774.9,773.2,774.45,1391,NSE_EQ
539,TATACHEM,2025-03-03 12:45:00+05:30,1minute,771.5,774.55,771.1,774.0,11506,NSE_EQ
540,TATACHEM,2025-03-03 12:44:00+05:30,1minute,770.7,771.65,770.2,771.5,1656,NSE_EQ
541,TATACHEM,2025-03-03 12:43:00+05:30,1minute,769.5,771.0,769.5,770.7,3822,NSE_EQ
542,TATACHEM,2025-03-03 12:42:00+05:30,1minute,769.5,769.85,768.95,769.7,1432,NSE_EQ
543,TATACHEM,2025-03-03 12:41:00+05:30,1minute,769.0,769.5,769.0,769.5,206,NSE_EQ
544,TATACHEM,2025-03-03 12:40:00+05:30,1minute,768.8,769.5,768.55,769.05,755,NSE_EQ
545,TATACHEM,2025-03-03 12:39:00+05:30,1minute,769.15,769.15,768.45,768.8,263,NSE_EQ
546,TATACHEM,2025-03-03 12:38:00+05:30,1minute,768.55,769.45,767.95,769.15,2083,NSE_EQ
547,TATACHEM,2025-03-03 12:37:00+05:30,1minute,769.1,769.5,768.25,768.55,1364,NSE_EQ
548,TATACHEM,2025-03-03 12:36:00+05:30,1minute,769.65,769.7,768.5,769.0,991,NSE_EQ
549,TATACHEM,2025-03-03 12:35:00+05:30,1minute,769.35,770.0,769.2,769.7,1973,NSE_EQ
550,TATACHEM,2025-03-03 12:34:00+05:30,1minute,768.9,769.35,768.4,769.35,1051,NSE_EQ
551,TATACHEM,2025-03-03 12:33:00+05:30,1minute,768.3,769.35,768.1,768.95,1459,NSE_EQ
552,TATACHEM,2025-03-03 12:32:00+05:30,1minute,767.35,769.0,766.5,768.75,1896,NSE_EQ
553,TATACHEM,2025-03-03 12:31:00+05:30,1minute,765.5,767.85,765.1,767.4,2861,NSE_EQ
554,TATACHEM,2025-03-03 12:30:00+05:30,1minute,762.5,765.85,762.0,765.8,10058,NSE_EQ
555,TATACHEM,2025-03-03 12:29:00+05:30,1minute,762.95,762.95,762.0,762.05,165,NSE_EQ
556,TATACHEM,2025-03-03 12:28:00+05:30,1minute,761.65,763.0,761.6,763.0,365,NSE_EQ
557,TATACHEM,2025-03-03 12:27:00+05:30,1minute,761.35,762.05,761.0,761.95,6967,NSE_EQ
558,TATACHEM,2025-03-03 12:26:00+05:30,1minute,762.9,763.25,760.85,760.85,718,NSE_EQ
559,TATACHEM,2025-03-03 12:25:00+05:30,1minute,762.5,763.0,762.05,762.3,757,NSE_EQ
560,TATACHEM,2025-03-03 12:24:00+05:30,1minute,762.5,763.95,761.9,762.5,3696,NSE_EQ
561,TATACHEM,2025-03-03 12:23:00+05:30,1minute,760.85,763.3,760.4,762.25,4144,NSE_EQ
562,TATACHEM,2025-03-03 12:22:00+05:30,1minute,760.9,761.15,760.3,760.75,2082,NSE_EQ
563,TATACHEM,2025-03-03 12:21:00+05:30,1minute,759.7,761.35,759.05,760.8,3009,NSE_EQ
564,TATACHEM,2025-03-03 12:20:00+05:30,1minute,758.45,759.85,758.15,759.2,2268,NSE_EQ
565,TATACHEM,2025-03-03 12:19:00+05:30,1minute,759.5,760.25,758.5,758.95,1941,NSE_EQ
566,TATACHEM,2025-03-03 12:18:00+05:30,1minute,758.2,759.5,758.2,759.35,326,NSE_EQ
567,TATACHEM,2025-03-03 12:17:00+05:30,1minute,758.15,758.3,757.65,758.3,96,NSE_EQ
568,TATACHEM,2025-03-03 12:16:00+05:30,1minute,757.85,758.1,757.35,758.0,314,NSE_EQ
569,TATACHEM,2025-03-03 12:15:00+05:30,1minute,759.75,760.5,757.55,757.55,3414,NSE_EQ
570,TATACHEM,2025-03-03 12:14:00+05:30,1minute,758.15,759.85,758.15,759.25,5734,NSE_EQ
571,TATACHEM,2025-03-03 12:13:00+05:30,1minute,757.55,758.2,757.2,757.7,383,NSE_EQ
572,TATACHEM,2025-03-03 12:12:00+05:30,1minute,757.35,757.4,756.85,757.0,351,NSE_EQ
573,TATACHEM,2025-03-03 12:11:00+05:30,1minute,757.2,757.7,756.65,757.5,856,NSE_EQ
574,TATACHEM,2025-03-03 12:10:00+05:30,1minute,757.55,758.5,757.4,757.5,446,NSE_EQ
575,TATACHEM,2025-03-03 12:09:00+05:30,1minute,758.2,758.5,757.55,757.9,768,NSE_EQ
576,TATACHEM,2025-03-03 12:08:00+05:30,1minute,758.3,758.5,757.6,758.2,528,NSE_EQ
577,TATACHEM,2025-03-03 12:07:00+05:30,1minute,757.55,758.4,756.9,758.4,1857,NSE_EQ
578,TATACHEM,2025-03-03 12:06:00+05:30,1minute,757.35,757.7,756.85,757.6,464,NSE_EQ
579,TATACHEM,2025-03-03 12:05:00+05:30,1minute,757.0,757.7,756.85,757.4,1681,NSE_EQ
580,TATACHEM,2025-03-03 12:04:00+05:30,1minute,757.3,757.45,756.75,756.85,297,NSE_EQ
581,TATACHEM,2025-03-03 12:03:00+05:30,1minute,756.35,757.3,756.0,757.3,2703,NSE_EQ
582,TATACHEM,2025-03-03 12:02:00+05:30,1minute,757.2,757.2,756.3,756.5,340,NSE_EQ
583,TATACHEM,2025-03-03 12:01:00+05:30,1minute,757.55,757.55,756.65,756.7,693,NSE_EQ
584,TATACHEM,2025-03-03 12:00:00+05:30,1minute,757.85,757.9,757.05,757.2,367,NSE_EQ
585,TATACHEM,2025-03-03 11:59:00+05:30,1minute,757.65,757.85,757.15,757.85,289,NSE_EQ
586,TATACHEM,2025-03-03 11:58:00+05:30,1minute,757.45,757.65,757.1,757.65,202,NSE_EQ
587,TATACHEM,2025-03-03 11:57:00+05:30,1minute,757.9,758.0,757.45,757.95,109,NSE_EQ
588,TATACHEM,2025-03-03 11:56:00+05:30,1minute,758.0,758.0,757.05,757.95,9403,NSE_EQ
589,TATACHEM,2025-03-03 11:55:00+05:30,1minute,757.95,758.0,757.7,758.0,134,NSE_EQ
590,TATACHEM,2025-03-03 11:54:00+05:30,1minute,757.65,758.2,757.55,757.55,1440,NSE_EQ
591,TATACHEM,2025-03-03 11:53:00+05:30,1minute,757.15,758.35,757.15,758.2,631,NSE_EQ
592,TATACHEM,2025-03-03 11:52:00+05:30,1minute,758.5,758.65,757.15,757.65,457,NSE_EQ
593,TATACHEM,2025-03-03 11:51:00+05:30,1minute,758.35,758.7,757.8,758.5,796,NSE_EQ
594,TATACHEM,2025-03-03 11:50:00+05:30,1minute,758.35,759.2,757.75,758.35,549,NSE_EQ
595,TATACHEM,2025-03-03 11:49:00+05:30,1minute,757.6,758.8,757.45,758.25,10514,NSE_EQ
596,TATACHEM,2025-03-03 11:48:00+05:30,1minute,758.8,759.0,757.75,757.75,859,NSE_EQ
597,TATACHEM,2025-03-03 11:47:00+05:30,1minute,758.5,758.8,758.2,758.8,515,NSE_EQ
598,TATACHEM,2025-03-03 11:46:00+05:30,1minute,758.25,758.5,757.0,758.5,1145,NSE_EQ
599,TATACHEM,2025-03-03 11:45:00+05:30,1minute,758.4,758.4,756.55,757.75,6769,NSE_EQ
600,TATACHEM,2025-03-03 11:44:00+05:30,1minute,758.7,758.7,758.0,758.35,372,NSE_EQ
601,TATACHEM,2025-03-03 11:43:00+05:30,1minute,759.1,759.2,758.7,758.7,734,NSE_EQ
602,TATACHEM,2025-03-03 11:42:00+05:30,1minute,758.3,759.25,758.1,759.15,781,NSE_EQ
603,TATACHEM,2025-03-03 11:41:00+05:30,1minute,758.9,759.0,758.35,758.55,127,NSE_EQ
604,TATACHEM,2025-03-03 11:40:00+05:30,1minute,758.95,759.5,758.35,758.9,326,NSE_EQ
605,TATACHEM,2025-03-03 11:39:00+05:30,1minute,758.35,759.45,758.0,758.4,1422,NSE_EQ
606,TATACHEM,2025-03-03 11:38:00+05:30,1minute,758.95,759.3,758.0,758.4,2184,NSE_EQ
607,TATACHEM,2025-03-03 11:37:00+05:30,1minute,758.8,759.25,758.35,758.55,380,NSE_EQ
608,TATACHEM,2025-03-03 11:36:00+05:30,1minute,759.45,759.45,758.05,758.75,1215,NSE_EQ
609,TATACHEM,2025-03-03 11:35:00+05:30,1minute,760.05,760.1,759.1,759.8,3020,NSE_EQ
610,TATACHEM,2025-03-03 11:34:00+05:30,1minute,759.5,760.3,759.5,760.0,389,NSE_EQ
611,TATACHEM,2025-03-03 11:33:00+05:30,1minute,758.7,760.25,758.65,759.5,387,NSE_EQ
612,TATACHEM,2025-03-03 11:32:00+05:30,1minute,759.0,759.85,758.7,759.05,417,NSE_EQ
613,TATACHEM,2025-03-03 11:31:00+05:30,1minute,759.4,759.4,758.65,759.0,597,NSE_EQ
614,TATACHEM,2025-03-03 11:30:00+05:30,1minute,759.5,759.8,758.35,759.0,5526,NSE_EQ
615,TATACHEM,2025-03-03 11:29:00+05:30,1minute,760.75,760.8,759.3,759.95,9638,NSE_EQ
616,TATACHEM,2025-03-03 11:28:00+05:30,1minute,761.55,761.55,760.2,760.75,1568,NSE_EQ
617,TATACHEM,2025-03-03 11:27:00+05:30,1minute,761.65,761.8,761.05,761.75,422,NSE_EQ
618,TATACHEM,2025-03-03 11:26:00+05:30,1minute,761.75,762.3,761.25,761.45,326,NSE_EQ
619,TATACHEM,2025-03-03 11:25:00+05:30,1minute,762.4,762.95,761.55,762.25,1528,NSE_EQ
620,TATACHEM,2025-03-03 11:24:00+05:30,1minute,762.5,762.55,761.45,762.3,196,NSE_EQ
621,TATACHEM,2025-03-03 11:23:00+05:30,1minute,761.35,762.8,761.35,762.25,405,NSE_EQ
622,TATACHEM,2025-03-03 11:22:00+05:30,1minute,761.35,761.4,760.9,761.4,1145,NSE_EQ
623,TATACHEM,2025-03-03 11:21:00+05:30,1minute,761.35,761.4,761.0,761.35,323,NSE_EQ
624,TATACHEM,2025-03-03 11:20:00+05:30,1minute,761.65,761.95,760.95,761.4,1078,NSE_EQ
625,TATACHEM,2025-03-03 11:19:00+05:30,1minute,762.25,762.5,760.6,760.7,2288,NSE_EQ
626,TATACHEM,2025-03-03 11:18:00+05:30,1minute,763.3,763.8,762.25,762.8,277,NSE_EQ
627,TATACHEM,2025-03-03 11:17:00+05:30,1minute,762.05,762.75,761.55,762.75,1534,NSE_EQ
628,TATACHEM,2025-03-03 11:16:00+05:30,1minute,762.4,762.7,760.95,762.4,7800,NSE_EQ
629,TATACHEM,2025-03-03 11:15:00+05:30,1minute,763.5,763.9,762.5,762.75,851,NSE_EQ
630,TATACHEM,2025-03-03 11:14:00+05:30,1minute,763.6,764.15,763.5,764.15,322,NSE_EQ
631,TATACHEM,2025-03-03 11:13:00+05:30,1minute,763.15,763.4,762.45,763.4,1864,NSE_EQ
632,TATACHEM,2025-03-03 11:12:00+05:30,1minute,763.65,763.85,763.15,763.15,496,NSE_EQ
633,TATACHEM,2025-03-03 11:11:00+05:30,1minute,764.25,764.45,763.15,763.15,1855,NSE_EQ
634,TATACHEM,2025-03-03 11:10:00+05:30,1minute,764.75,764.75,764.3,764.65,187,NSE_EQ
635,TATACHEM,2025-03-03 11:09:00+05:30,1minute,764.6,764.75,764.25,764.75,929,NSE_EQ
636,TATACHEM,2025-03-03 11:08:00+05:30,1minute,764.85,765.8,764.3,764.45,1952,NSE_EQ
637,TATACHEM,2025-03-03 11:07:00+05:30,1minute,765.85,766.7,764.75,764.85,399,NSE_EQ
638,TATACHEM,2025-03-03 11:06:00+05:30,1minute,765.05,766.25,764.55,765.95,122,NSE_EQ
639,TATACHEM,2025-03-03 11:05:00+05:30,1minute,764.1,765.45,763.4,764.95,537,NSE_EQ
640,TATACHEM,2025-03-03 11:04:00+05:30,1minute,764.0,765.05,763.7,764.1,2027,NSE_EQ
641,TATACHEM,2025-03-03 11:03:00+05:30,1minute,765.55,765.55,763.55,764.05,873,NSE_EQ
642,TATACHEM,2025-03-03 11:02:00+05:30,1minute,765.5,766.45,765.5,765.75,154,NSE_EQ
643,TATACHEM,2025-03-03 11:01:00+05:30,1minute,766.5,766.5,765.3,765.8,180,NSE_EQ
644,TATACHEM,2025-03-03 11:00:00+05:30,1minute,766.65,767.1,766.0,766.5,587,NSE_EQ
645,TATACHEM,2025-03-03 10:59:00+05:30,1minute,766.1,767.35,766.0,766.15,240,NSE_EQ
646,TATACHEM,2025-03-03 10:58:00+05:30,1minute,767.45,767.45,766.1,766.65,652,NSE_EQ
647,TATACHEM,2025-03-03 10:57:00+05:30,1minute,765.85,766.3,765.55,766.0,2102,NSE_EQ
648,TATACHEM,2025-03-03 10:56:00+05:30,1minute,765.1,766.05,765.05,765.5,427,NSE_EQ
649,TATACHEM,2025-03-03 10:55:00+05:30,1minute,765.25,766.15,764.75,764.75,539,NSE_EQ
650,TATACHEM,2025-03-03 10:54:00+05:30,1minute,764.85,764.85,764.0,764.7,535,NSE_EQ
651,TATACHEM,2025-03-03 10:53:00+05:30,1minute,766.3,766.5,764.85,764.85,1043,NSE_EQ
652,TATACHEM,2025-03-03 10:52:00+05:30,1minute,766.7,766.8,765.85,765.85,663,NSE_EQ
653,TATACHEM,2025-03-03 10:51:00+05:30,1minute,766.15,767.45,765.45,766.8,769,NSE_EQ
654,TATACHEM,2025-03-03 10:50:00+05:30,1minute,767.35,767.35,766.0,766.3,166,NSE_EQ
655,TATACHEM,2025-03-03 10:49:00+05:30,1minute,767.75,768.1,766.5,766.5,389,NSE_EQ
656,TATACHEM,2025-03-03 10:48:00+05:30,1minute,767.85,768.45,767.0,768.4,731,NSE_EQ
657,TATACHEM,2025-03-03 10:47:00+05:30,1minute,767.8,767.8,766.55,767.55,376,NSE_EQ
658,TATACHEM,2025-03-03 10:46:00+05:30,1minute,767.0,768.9,766.55,768.9,725,NSE_EQ
659,TATACHEM,2025-03-03 10:45:00+05:30,1minute,765.55,767.0,765.15,766.85,710,NSE_EQ
660,TATACHEM,2025-03-03 10:44:00+05:30,1minute,765.25,766.15,765.0,765.1,955,NSE_EQ
661,TATACHEM,2025-03-03 10:43:00+05:30,1minute,763.9,765.45,763.65,765.15,241,NSE_EQ
662,TATACHEM,2025-03-03 10:42:00+05:30,1minute,765.15,765.2,763.9,764.45,732,NSE_EQ
663,TATACHEM,2025-03-03 10:41:00+05:30,1minute,766.3,766.35,765.0,765.2,551,NSE_EQ
664,TATACHEM,2025-03-03 10:40:00+05:30,1minute,766.6,766.6,765.55,766.25,474,NSE_EQ
665,TATACHEM,2025-03-03 10:39:00+05:30,1minute,766.85,768.0,766.4,767.2,1935,NSE_EQ
666,TATACHEM,2025-03-03 10:38:00+05:30,1minute,766.6,766.95,766.25,766.55,426,NSE_EQ
667,TATACHEM,2025-03-03 10:37:00+05:30,1minute,767.45,767.5,765.9,766.6,2317,NSE_EQ
668,TATACHEM,2025-03-03 10:36:00+05:30,1minute,766.5,767.6,765.55,767.6,460,NSE_EQ
669,TATACHEM,2025-03-03 10:35:00+05:30,1minute,766.15,767.15,765.05,765.65,532,NSE_EQ
670,TATACHEM,2025-03-03 10:34:00+05:30,1minute,766.0,767.2,765.95,767.0,484,NSE_EQ
671,TATACHEM,2025-03-03 10:33:00+05:30,1minute,767.25,767.55,765.4,765.95,960,NSE_EQ
672,TATACHEM,2025-03-03 10:32:00+05:30,1minute,766.9,767.3,766.25,766.65,447,NSE_EQ
673,TATACHEM,2025-03-03 10:31:00+05:30,1minute,768.45,768.45,766.5,766.5,401,NSE_EQ
674,TATACHEM,2025-03-03 10:30:00+05:30,1minute,771.4,771.6,768.45,768.45,950,NSE_EQ
675,TATACHEM,2025-03-03 10:29:00+05:30,1minute,769.25,771.65,768.4,771.5,2851,NSE_EQ
676,TATACHEM,2025-03-03 10:28:00+05:30,1minute,765.2,770.2,765.2,769.4,6675,NSE_EQ
677,TATACHEM,2025-03-03 10:27:00+05:30,1minute,765.05,765.45,764.2,765.15,351,NSE_EQ
678,TATACHEM,2025-03-03 10:26:00+05:30,1minute,764.15,765.45,763.65,764.25,1202,NSE_EQ
679,TATACHEM,2025-03-03 10:25:00+05:30,1minute,762.6,764.0,762.6,764.0,259,NSE_EQ
680,TATACHEM,2025-03-03 10:24:00+05:30,1minute,763.55,764.65,762.6,762.75,956,NSE_EQ
681,TATACHEM,2025-03-03 10:23:00+05:30,1minute,763.0,763.6,762.2,763.6,528,NSE_EQ
682,TATACHEM,2025-03-03 10:22:00+05:30,1minute,764.1,764.3,763.0,763.6,1514,NSE_EQ
683,TATACHEM,2025-03-03 10:21:00+05:30,1minute,763.3,764.5,763.0,764.5,704,NSE_EQ
684,TATACHEM,2025-03-03 10:20:00+05:30,1minute,764.4,764.8,763.25,763.75,492,NSE_EQ
685,TATACHEM,2025-03-03 10:19:00+05:30,1minute,762.75,764.9,762.05,764.9,4363,NSE_EQ
686,TATACHEM,2025-03-03 10:18:00+05:30,1minute,762.5,762.8,762.05,762.65,692,NSE_EQ
687,TATACHEM,2025-03-03 10:17:00+05:30,1minute,763.95,763.95,762.5,762.5,737,NSE_EQ
688,TATACHEM,2025-03-03 10:16:00+05:30,1minute,763.5,764.0,762.6,763.75,514,NSE_EQ
689,TATACHEM,2025-03-03 10:15:00+05:30,1minute,761.95,763.8,761.9,763.6,1429,NSE_EQ
690,TATACHEM,2025-03-03 10:14:00+05:30,1minute,762.5,762.5,761.75,762.0,788,NSE_EQ
691,TATACHEM,2025-03-03 10:13:00+05:30,1minute,762.7,763.2,762.0,762.7,788,NSE_EQ
692,TATACHEM,2025-03-03 10:12:00+05:30,1minute,762.7,762.9,762.0,762.2,344,NSE_EQ
693,TATACHEM,2025-03-03 10:11:00+05:30,1minute,761.85,762.8,761.85,762.3,893,NSE_EQ
694,TATACHEM,2025-03-03 10:10:00+05:30,1minute,763.1,763.1,761.55,762.0,1076,NSE_EQ
695,TATACHEM,2025-03-03 10:09:00+05:30,1minute,763.6,763.9,762.6,762.6,2826,NSE_EQ
696,TATACHEM,2025-03-03 10:08:00+05:30,1minute,764.25,764.25,763.0,763.55,914,NSE_EQ
697,TATACHEM,2025-03-03 10:07:00+05:30,1minute,764.5,764.95,763.55,763.85,2148,NSE_EQ
698,TATACHEM,2025-03-03 10:06:00+05:30,1minute,765.2,765.2,764.0,764.45,322,NSE_EQ
699,TATACHEM,2025-03-03 10:05:00+05:30,1minute,765.45,765.45,764.7,765.25,706,NSE_EQ
700,TATACHEM,2025-03-03 10:04:00+05:30,1minute,765.35,765.45,764.85,765.45,116,NSE_EQ
701,TATACHEM,2025-03-03 10:03:00+05:30,1minute,765.55,765.55,764.85,765.45,2804,NSE_EQ
702,TATACHEM,2025-03-03 10:02:00+05:30,1minute,765.8,766.05,765.0,765.55,3809,NSE_EQ
703,TATACHEM,2025-03-03 10:01:00+05:30,1minute,766.05,766.55,764.0,765.0,5355,NSE_EQ
704,TATACHEM,2025-03-03 10:00:00+05:30,1minute,766.65,767.65,766.05,766.55,3727,NSE_EQ
705,TATACHEM,2025-03-03 09:59:00+05:30,1minute,767.75,768.3,766.0,766.65,1810,NSE_EQ
706,TATACHEM,2025-03-03 09:58:00+05:30,1minute,768.9,769.35,767.8,767.95,1384,NSE_EQ
707,TATACHEM,2025-03-03 09:57:00+05:30,1minute,768.7,768.95,768.0,768.55,1613,NSE_EQ
708,TATACHEM,2025-03-03 09:56:00+05:30,1minute,768.75,769.5,768.1,768.65,283,NSE_EQ
709,TATACHEM,2025-03-03 09:55:00+05:30,1minute,768.45,769.0,767.9,768.65,1977,NSE_EQ
710,TATACHEM,2025-03-03 09:54:00+05:30,1minute,769.3,769.3,767.8,768.45,342,NSE_EQ
711,TATACHEM,2025-03-03 09:53:00+05:30,1minute,768.65,769.15,767.7,768.6,2369,NSE_EQ
712,TATACHEM,2025-03-03 09:52:00+05:30,1minute,769.9,770.25,768.55,768.65,788,NSE_EQ
713,TATACHEM,2025-03-03 09:51:00+05:30,1minute,769.1,771.0,769.1,770.25,3704,NSE_EQ
714,TATACHEM,2025-03-03 09:50:00+05:30,1minute,769.65,770.0,768.65,769.25,747,NSE_EQ
715,TATACHEM,2025-03-03 09:49:00+05:30,1minute,768.85,769.7,768.25,769.7,204,NSE_EQ
716,TATACHEM,2025-03-03 09:48:00+05:30,1minute,768.85,769.85,768.0,769.35,634,NSE_EQ
717,TATACHEM,2025-03-03 09:47:00+05:30,1minute,769.25,769.35,768.35,768.95,1474,NSE_EQ
718,TATACHEM,2025-03-03 09:46:00+05:30,1minute,768.6,771.0,768.6,769.8,2357,NSE_EQ
719,TATACHEM,2025-03-03 09:45:00+05:30,1minute,768.45,769.6,768.35,768.35,944,NSE_EQ
720,TATACHEM,2025-03-03 09:44:00+05:30,1minute,768.55,769.1,768.0,768.45,1258,NSE_EQ
721,TATACHEM,2025-03-03 09:43:00+05:30,1minute,769.15,769.4,768.35,768.85,967,NSE_EQ
722,TATACHEM,2025-03-03 09:42:00+05:30,1minute,769.0,769.8,768.6,769.2,1046,NSE_EQ
723,TATACHEM,2025-03-03 09:41:00+05:30,1minute,770.45,771.0,769.0,769.85,2749,NSE_EQ
724,TATACHEM,2025-03-03 09:40:00+05:30,1minute,771.8,771.8,769.9,770.55,1585,NSE_EQ
725,TATACHEM,2025-03-03 09:39:00+05:30,1minute,771.65,771.9,770.3,771.8,1836,NSE_EQ
726,TATACHEM,2025-03-03 09:38:00+05:30,1minute,772.05,772.6,771.45,772.1,955,NSE_EQ
727,TATACHEM,2025-03-03 09:37:00+05:30,1minute,773.75,774.95,771.8,772.45,1618,NSE_EQ
728,TATACHEM,2025-03-03 09:36:00+05:30,1minute,773.25,773.65,771.5,773.35,2848,NSE_EQ
729,TATACHEM,2025-03-03 09:35:00+05:30,1minute,772.7,774.05,772.0,773.95,2772,NSE_EQ
730,TATACHEM,2025-03-03 09:34:00+05:30,1minute,772.8,773.6,772.35,772.75,467,NSE_EQ
731,TATACHEM,2025-03-03 09:33:00+05:30,1minute,773.6,773.6,772.35,773.0,544,NSE_EQ
732,TATACHEM,2025-03-03 09:32:00+05:30,1minute,773.05,773.65,772.35,773.6,1742,NSE_EQ
733,TATACHEM,2025-03-03 09:31:00+05:30,1minute,774.55,774.95,772.55,772.55,2107,NSE_EQ
734,TATACHEM,2025-03-03 09:30:00+05:30,1minute,774.7,775.4,773.3,774.15,1163,NSE_EQ
735,TATACHEM,2025-03-03 09:29:00+05:30,1minute,775.7,776.3,774.1,774.35,646,NSE_EQ
736,TATACHEM,2025-03-03 09:28:00+05:30,1minute,776.25,778.7,775.0,775.05,2079,NSE_EQ
737,TATACHEM,2025-03-03 09:27:00+05:30,1minute,774.45,776.55,773.65,776.3,5910,NSE_EQ
738,TATACHEM,2025-03-03 09:26:00+05:30,1minute,777.1,777.35,773.2,774.15,4358,NSE_EQ
739,TATACHEM,2025-03-03 09:25:00+05:30,1minute,779.0,779.0,776.4,776.4,2561,NSE_EQ
740,TATACHEM,2025-03-03 09:24:00+05:30,1minute,779.5,779.9,777.9,778.9,1600,NSE_EQ
741,TATACHEM,2025-03-03 09:23:00+05:30,1minute,779.6,781.4,779.0,779.0,2578,NSE_EQ
742,TATACHEM,2025-03-03 09:22:00+05:30,1minute,778.45,779.9,777.3,779.3,2116,NSE_EQ
743,TATACHEM,2025-03-03 09:21:00+05:30,1minute,781.85,783.0,777.9,778.65,5619,NSE_EQ
744,TATACHEM,2025-03-03 09:20:00+05:30,1minute,783.95,784.05,781.05,782.35,2408,NSE_EQ
745,TATACHEM,2025-03-03 09:19:00+05:30,1minute,785.0,785.35,783.45,783.5,2750,NSE_EQ
746,TATACHEM,2025-03-03 09:18:00+05:30,1minute,783.5,785.0,783.4,785.0,834,NSE_EQ
747,TATACHEM,2025-03-03 09:17:00+05:30,1minute,783.1,784.45,782.0,783.5,2733,NSE_EQ
748,TATACHEM,2025-03-03 09:16:00+05:30,1minute,783.1,784.95,781.8,783.75,2705,NSE_EQ
749,TATACHEM,2025-03-03 09:15:00+05:30,1minute,777.35,785.0,777.35,782.5,6160,NSE_EQ
